1	01001	pat (1" sq, 1/3" high)	5.0
2	01002	pat (1" sq, 1/3" high)	3.8
3	01003	tbsp	12.8
4	01004	oz	28.35
5	01005	cup, diced	132.0
6	01006	oz	28.35
7	01007	oz	28.35
9	01009	cup, diced	132.0
11	01011	cup, diced	132.0
12	01012	oz	28.25
13	01013	oz	28.25
14	01014	cup (not packed)	145.0
15	01015	oz	28.25
16	01016	oz	28.25
17	01017	tbsp	14.5
18	01018	oz	28.35
19	01019	cup, crumbled	150.0
20	01020	cup, diced	132.0
22	01022	oz	28.35
23	01023	oz	28.35
24	01024	cup	134.0
25	01025	cup, diced	132.0
26	01026	cup, shredded	112.0
27	01027	oz	28.35
28	01028	oz	28.35
29	01029	cup, diced	132.0
30	01030	cup, diced	132.0
32	01032	cup	100.0
33	01033	oz	28.35
34	01034	cup, diced	132.0
35	01035	cup, diced	132.0
36	01036	cup	248.0
37	01037	cup	248.0
38	01038	oz	28.35
40	01040	cup, diced	132.0
42	01042	oz	28.35
43	01043	cup, diced	140.0
44	01044	cup, diced	140.0
46	01046	cup	113.0
48	01048	cup, diced	140.0
49	01049	fl oz	30.2
50	01050	fl oz	30.0
51	01052	cup, whipped	120.0
52	01053	cup, whipped	120.0
53	01054	cup	60.0
54	01055	tbsp	15.0
55	01056	tbsp	12.0
56	01057	cup	254.0
57	01058	tbsp	12.0
60	01061	serving	19.0
61	01067	container, individual	15.0
63	01069	cup	94.0
65	01071	cup	80.0
66	01072	cup	70.0
67	01073	cup	75.0
68	01074	oz	28.35
70	01077	cup	244.0
72	01079	cup	244.0
75	01082	cup	244.0
78	01085	cup	245.0
81	01088	cup	245.0
82	01089	cup	244.0
83	01090	cup	128.0
84	01091	cup	120.0
85	01092	cup	68.0
87	01094	cup	120.0
88	01095	fl oz	38.2
89	01096	fl oz	31.5
90	01097	fl oz	31.9
91	01102	cup	250.0
92	01103	cup	250.0
93	01104	cup	250.0
95	01106	fl oz	30.5
96	01107	fl oz	30.8
102	01113	cup	57.0
104	01115	cup	145.0
105	01116	container (6 oz)	170.0
106	01117	container (6 oz)	170.0
107	01118	container (6 oz)	170.0
108	01119	container (6 oz)	170.0
109	01120	container (6 oz)	170.0
110	01121	container (6 oz)	170.0
112	01123	large	50.0
113	01124	large	33.0
114	01125	large	17.0
117	01128	large	46.0
118	01129	cup, chopped	136.0
119	01130	tbsp	15.0
120	01131	large	50.0
121	01132	large	61.0
122	01133	cup, sifted	85.0
125	01136	cup, sifted	107.0
126	01137	cup, sifted	67.0
127	01138	egg	70.0
128	01139	egg	144.0
129	01140	egg	9.0
131	01144	oz	28.28571428571429
132	01145	pat (1" sq, 1/3" high)	5.0
134	01151	cup	245.0
137	01154	cup	120.0
138	01155	cup	68.0
139	01156	oz	28.35
140	01157	oz	28.35
141	01159	oz	28.35
143	01161	cup, shredded	113.0
144	01164	tbsp	15.0
145	01165	cup, crumbled	132.0
146	01166	cup, diced	132.0
147	01167	cup, diced	132.0
148	01168	cup, diced	132.0
149	01169	cup, diced	132.0
153	01174	cup	246.0
154	01175	cup	244.0
155	01178	tablespoon	12.0
156	01179	tablespoon	12.0
157	01180	tablespoon	12.0
158	01182	cup shredded	113.0
159	01184	container (6 oz)	170.0
160	01185	tablespoon	5.0
161	01186	tbsp	18.0
162	01187	container (6 oz)	170.0
170	01199	tbsp	14.5
171	01200	tablespoon	4.0
173	01203	container (6 oz)	170.0
174	01204	cup	100.0
175	01205	tbsp	15.0
176	01206	tsp	3.0
177	01208	cup, diced	132.0
178	01209	oz	28.35
180	01211	cup	244.0
181	01212	cup	128.0
182	01214	cup	252.0
183	01215	slice 3/4 oz	21.0
184	01216	container (6 oz)	170.0
185	01217	container (6 oz)	170.0
186	01218	container (6 oz)	170.0
187	01219	container (6 oz)	170.0
188	01220	container (6 oz)	170.0
189	01221	container (6 oz)	170.0
190	01222	container (6 oz)	170.0
191	01223	tbsp	11.0
192	01224	scoop	25.0
193	01225	tbsp	19.0
194	01226	cup	240.0
196	01228	cup, crumbled	122.0
198	01230	cup	245.0
199	01231	container	170.0
200	01235	cup	136.0
201	01236	cup	172.0
202	01237	bar	50.0
203	01238	serving	70.0
204	01239	serving	82.0
205	01240	unit	96.0
206	01241	serving	70.0
207	01242	serving	70.0
208	01243	cup	136.0
209	01244	bar	68.0
210	01250	can	227.0
211	01251	cup shredded	112.0
212	01252	slice (2/3 oz)	19.0
213	01253	oz	28.35
214	01254	cup	113.0
216	01256	container	170.0
218	01259	piece	21.0
219	01260	slice	21.0
220	01263	medium	298.0
221	01264	pieces	3.6538461538461537
222	01265	serving	28.0
223	01266	serving	28.0
224	01267	tsp	2.5
225	01270	slice (2/3 oz)	19.0
226	01271	cup	86.0
232	01284	container (5.3 oz)	150.0
233	01285	container (5.3 oz)	150.0
234	01286	container (5.3 oz)	150.0
235	01287	container (7 oz)	200.0
236	01291	cup	252.0
237	01295	cup (8 fl oz)	245.0
240	02003	tsp, leaves	0.7
242	02005	tsp	2.1
244	02007	tsp	2.0
246	02009	tsp	2.7
247	02010	tsp	2.6
248	02011	tsp	2.1
249	02012	tsp	0.6
251	02014	tsp, whole	2.1
252	02015	tsp	2.0
257	02020	tsp	3.1
258	02021	tsp	1.8
260	02023	tsp	0.6
261	02024	tsp	2.0
262	02025	tsp	2.2
263	02026	tsp	2.4
264	02027	tsp, leaves	1.0
265	02028	tsp	2.3
266	02029	tsp	0.5
267	02030	tsp, ground	2.3
268	02031	tsp	1.8
270	02033	tsp	2.8
271	02034	tsp	1.5
272	02035	tsp	1.7
275	02038	tsp	0.7
278	02042	tsp, leaves	1.0
279	02043	tsp	3.0
280	02044	leaves	0.5
282	02046	tsp or 1 packet	5.0
283	02047	tsp	6.0
284	02048	tbsp	14.9
288	02052	tsp	4.2
289	02053	tbsp	14.9
290	02054	tbsp, drained	8.6
291	02055	tsp	5.0
302	03001	packet	28.0
303	03002	tbsp	14.7
304	03003	oz	28.35
305	03005	tbsp	16.0
307	03008	tbsp	15.0
309	03010	tbsp	22.0
311	03012	tbsp	15.0
312	03013	tbsp	15.0
313	03014	stick	10.0
314	03015	tbsp	15.0
315	03016	tbsp	19.0
316	03017	stick	10.0
317	03019	bar	9.9
318	03021	stick	10.0
319	03024	serving	113.0
323	03044	tbsp	16.0
324	03045	tbsp	16.0
325	03046	tbsp	16.0
326	03047	tbsp	16.0
327	03048	container	113.0
329	03050	tbsp	16.0
331	03052	oz	28.35
332	03053	cup	256.0
333	03054	cup	256.0
334	03055	jar Beech-Nut Stage 2 (4 oz)	113.0
335	03059	cup	256.0
336	03061	cup	256.0
337	03062	cup	256.0
338	03066	cup	256.0
340	03068	tbsp	16.0
341	03069	tbsp	16.0
342	03070	jar Beech-Nut Stage 2 (4 oz)	113.0
343	03072	tbsp	16.0
344	03073	cup	256.0
347	03077	jar, Gerber (4 oz)	113.0
350	03082	tbsp	16.0
351	03083	tbsp	16.0
352	03084	cup	256.0
353	03085	cup	256.0
354	03089	oz	28.35
355	03090	oz	28.35
356	03091	cup	240.0
357	03092	cup	240.0
358	03093	oz	28.35
359	03096	jar, Gerber (4 oz)	113.0
360	03098	cup	224.0
361	03099	cup	224.0
362	03100	cup	224.0
363	03104	tbsp	16.0
364	03105	tbsp	16.0
365	03108	cup	224.0
366	03109	cup	224.0
367	03112	cup	163.0
368	03114	jar, Gerber (4 oz)	113.0
369	03115	oz	28.35
370	03116	tbsp	16.0
371	03117	tbsp	16.0
372	03118	tbsp	15.0
373	03119	jar	113.0
374	03120	cup	240.0
375	03121	tbsp	16.0
376	03122	oz	28.35
377	03127	cup	240.0
378	03128	tbsp	15.0
379	03129	tbsp	15.0
380	03130	tbsp	17.0
381	03131	tbsp	17.0
382	03132	tbsp	16.0
383	03133	tbsp	16.0
384	03134	tbsp	15.0
385	03135	tbsp	15.0
386	03136	tbsp	15.0
388	03139	tbsp	15.0
389	03140	tbsp	15.0
390	03141	oz	28.35
391	03142	tbsp	16.0
392	03143	tbsp	16.0
393	03144	oz	28.35
394	03145	oz	28.35
395	03147	tbsp	16.0
398	03152	oz	28.35
399	03153	oz	28.35
400	03154	jar, Gerber (4 oz)	113.0
401	03156	tbsp	15.0
402	03157	tbsp	15.0
403	03158	tbsp	16.0
404	03159	tbsp	16.0
406	03161	oz	28.35
408	03163	tbsp	15.0
409	03164	oz	28.35
410	03165	oz	28.35
411	03166	fl oz	31.7
412	03167	fl oz	31.2
413	03168	fl oz	31.2
414	03169	fl oz	31.2
415	03170	fl oz	31.2
416	03171	fl oz	31.2
417	03172	fl oz	31.2
419	03174	fl oz	31.2
424	03179	fl oz	31.2
425	03181	tbsp	2.4
426	03184	oz	30.0
427	03185	tbsp	2.5
428	03186	tbsp	2.5
429	03187	oz	28.35
430	03188	oz	28.35
431	03189	tbsp	3.2
432	03190	tbsp	2.5
433	03191	oz	28.35
434	03192	oz	28.35
436	03194	tbsp	2.5
437	03195	tbsp	16.0
442	03205	tbsp	5.3
443	03206	cookie	8.0
444	03209	cracker	0.7
446	03212	tbsp	2.5
447	03213	oz	28.35
449	03215	oz	28.35
450	03216	oz	28.35
451	03217	oz	28.35
452	03220	oz	28.35
453	03221	oz	28.35
454	03222	oz	28.35
455	03224	oz	28.35
456	03225	oz	28.35
458	03227	tbsp	15.0
459	03228	tbsp	15.0
462	03233	tbsp	15.0
463	03235	tbsp	15.0
464	03236	tbsp	15.0
466	03245	cup	229.0
467	03246	cup	229.0
468	03265	fl oz	31.2
469	03267	fl oz	31.2
470	03268	fl oz	31.2
471	03269	serving	189.0
472	03274	cup	256.0
474	03279	serving	99.0
475	03280	tbsp	15.0
476	03282	serving 3.5 oz serving	99.0
477	03283	oz	28.35
478	03286	oz	28.35
479	03287	tbsp	16.0
480	03289	tbsp	15.0
481	03290	tbsp	15.0
482	03293	oz	28.35
483	03296	oz	28.35
484	03297	oz	28.35
485	03298	tbsp	29.0
486	03301	oz	28.25
487	03302	serving	7.0
488	03303	tbsp	16.0
489	03304	oz	28.35
502	03800	fl oz	30.5
503	03801	fl oz	31.4
504	03802	scoop	8.7
505	03803	fl oz	30.5
506	03805	scoop	8.3
507	03806	fl oz	30.5
508	03808	scoop	8.5
509	03809	scoop	8.3
510	03812	fl oz	31.3
511	03813	Serving 100 ml	107.0
512	03814	scoop	9.6
513	03815	serving 100 ml	106.0
514	03816	fl oz	31.5
516	03819	scoop	9.4
517	03820	fl oz	31.0
518	03821	scoop	8.8
519	03822	serving 100 ml	103.0
520	03823	Serving 100 ml	106.0
521	03824	fl oz	30.8
523	03826	scoop	8.8
524	03827	scoop	8.5
525	03830	fl oz	31.3
526	03832	serving 100 ml	106.0
527	03837	scoop	8.7
528	03838	scoop	9.0
529	03839	fl oz	30.5
530	03840	fl oz	30.8
531	03841	fl oz	30.5
532	03842	fl oz	31.4
533	03843	scoop	8.7
534	03844	fl oz	31.6
535	03845	serving 100 ml	107.0
536	03846	fl oz	30.5
537	03849	scoop	9.4
538	03850	fl oz	30.4
539	03851	fl oz	31.4
540	03852	scoop	8.8
541	03853	scoop	8.5
542	03854	fl oz	31.3
543	03855	fl oz	31.0
544	03856	fl oz	31.4
545	03857	serving 100 ml	106.0
546	03858	scoop	8.7
547	03859	oz	29.0
548	03860	fl oz	31.0
551	03867	scoop	9.4
552	03868	fl oz	30.5
553	03869	scoop	8.5
554	03870	fl oz	31.0
555	03900	fl oz	30.5
556	03901	fl oz	31.9
557	03913	scoop	9.4
558	03925	fl oz	30.5
559	03926	fl oz	31.4
560	03928	scoop	8.5
561	03929	scoop	9.3
563	03934	oz	28.35
564	03935	fl oz	30.5
565	03936	fl oz	30.4
566	03937	fl oz	31.4
567	03938	scoop	8.4
568	03939	fl oz	30.4
569	03940	fl oz	31.4
570	03941	scoop	8.7
571	03942	serving 100 ml	106.0
572	03943	scoop	8.7
573	03944	fl oz	30.5
574	03945	fl oz	30.5
575	03946	fl oz	30.5
576	03947	fl oz	30.5
577	03948	fl oz	30.5
578	03949	fl oz	30.4
579	03950	scoop	8.5
580	03951	fl oz	31.4
581	03952	fl oz	31.4
582	03953	fl oz	30.5
583	03954	scoop	8.7
584	03955	fl oz	30.8
585	03956	oz	31.0
586	03957	scoop	8.7
587	03959	container	170.0
588	03960	fl oz	30.5
590	03963	fl oz	30.5
591	03964	bar	19.0
592	03965	tbsp	16.0
593	03966	fl oz	29.2
594	03967	scoop	8.8
595	03968	fl oz	29.2
596	03980	scoop	8.7
597	03981	fl oz	30.4
598	03982	fl oz	30.4
599	03983	fl oz	30.4
600	03984	fl oz	30.4
601	03985	fl oz	30.4
602	03986	fl oz	30.5
603	03987	fl oz	30.4
604	03988	fl oz	30.4
605	03989	fl oz	30.4
606	03990	fl oz	30.4
607	03991	fl oz	30.6
608	03992	fl oz	30.4
609	03993	fl oz	30.4
610	03994	bottle	140.0
611	03995	packet	99.0
612	03997	biscuit	2.0
613	03998	piece	0.3888888888888889
614	03999	scoop	9.5
615	04001	tbsp	12.8
616	04002	tbsp	12.8
618	04013	tbsp	16.0
620	04015	tbsp	15.0
621	04016	tablespoon	15.0
622	04017	tbsp	16.0
623	04018	tbsp	14.7
624	04020	tablespoon	16.0
625	04021	tablespoon	15.0
626	04022	tablespoon	16.0
627	04023	tablespoon	15.0
628	04025	tbsp	13.8
630	04027	tbsp	15.0
632	04029	tablespoon	14.1
633	04030	tablespoon	15.0
634	04031	tbsp	12.8
635	04034	tbsp	13.6
637	04038	tsp	4.5
638	04042	tbsp	13.5
639	04044	tbsp	13.6
640	04047	tbsp	13.6
641	04053	tablespoon	13.5
643	04058	tablespoon	13.6
646	04114	tbsp	14.7
647	04120	tbsp	16.0
648	04128	tbsp	14.9
650	04135	tablespoon	16.0
657	04367	tablespoon	16.0
659	04502	tablespoon	13.6
660	04506	tbsp	13.6
662	04511	tablespoon	13.6
663	04513	tablespoon	13.6
668	04518	tbsp	13.6
669	04520	tbsp	12.8
670	04528	tbsp	13.6
671	04529	tablespoon	13.6
677	04539	tbsp	15.0
679	04542	tbsp	12.8
680	04543	tablespoon	13.6
688	04554	tbsp	12.8
695	04574	tbsp	12.8
696	04575	tbsp	12.8
699	04582	tbsp	14.0
702	04585	tbsp	14.1
713	04600	tablespoon	14.0
714	04601	tablespoon	14.0
715	04602	tablespoon	14.0
716	04606	tablespoon	12.8
717	04609	tsp	4.3
718	04610	tbsp	14.0
719	04611	tbsp	14.2
720	04612	tbsp	14.3
721	04613	tbsp	14.0
722	04614	tbsp	14.3
723	04615	tbsp	12.8
724	04617	tbsp	14.2
725	04618	tbsp	14.2
726	04620	tbsp	14.0
727	04624	tbsp	15.0
728	04626	tablespoon	14.0
729	04627	tablespoon	14.0
733	04631	tbsp	14.6
734	04633	tbsp	15.0
735	04634	tbsp	12.8
736	04635	tbsp	16.0
737	04636	tbsp	14.0
739	04639	tablespoon	15.0
741	04641	tablespoon	15.0
750	04651	tbsp	13.6
751	04652	tbsp	13.6
753	04654	tbsp	13.6
758	04659	tbsp	13.6
765	04666	tbsp	12.8
776	04679	spray , about 1/3 second (1 NLEA serving)	0.3
780	04686	tbsp (1 serving)	15.0
784	04690	tbsp	14.9
785	04691	tablespoon	14.0
786	04692	tbsp	14.0
787	04693	tbsp	14.0
788	04694	tbsp	14.0
789	04695	tbsp	14.0
790	04696	tbsp	14.0
791	04697	tbsp	14.0
797	04703	tbsp	15.0
798	04704	tbsp	16.5
799	04705	tbsp (1 NLEA serving)	17.0
800	04706	tbsp (1 NLEA serving)	15.0
802	04708	tbsp	15.0
803	05000	oz	28.333333333333332
807	05004	oz	28.333333333333332
809	05006	oz	28.333333333333332
810	05007	oz	28.333333333333332
811	05008	oz	28.333333333333332
812	05009	cup, chopped or diced	140.0
813	05010	cup, chopped or diced	140.0
814	05011	oz	28.333333333333332
815	05012	cup, chopped or diced	140.0
816	05013	cup, chopped or diced	140.0
817	05014	cup, chopped or diced	140.0
821	05018	unit (yield from 1 lb ready-to-cook chicken)	34.0
825	05022	cup chopped or dice	145.0
827	05024	cup chopped or dice	145.0
830	05027	liver	44.0
831	05028	liver	44.0
834	05031	unit (yield from 1 lb ready-to-cook chicken)	78.0
844	05041	cup, chopped or diced	140.0
845	05042	cup, chopped or diced	140.0
848	05045	cup, chopped or diced	140.0
849	05046	cup, chopped or diced	140.0
850	05047	tbsp	12.8
854	05051	unit (yield from 1 lb ready-to-cook chicken)	32.0
855	05052	oz	28.333333333333332
860	05057	breast, bone removed (yield from 1 lb ready-to-cook chicken)	174.0
861	05058	unit (yield from 1 lb ready-to-cook chicken)	84.0
863	05060	cup, chopped or diced	140.0
864	05061	cup, chopped or diced	140.0
865	05062	oz	28.333333333333332
866	05063	unit (yield from 1 lb ready-to-cook chicken)	52.0
867	05064	cup, chopped or diced	140.0
868	05065	cup, chopped or diced	140.0
869	05066	drumstick with skin	133.0
872	05069	drumstick with skin (yield from 1 lb ready-to-cook chicken)	105.0
873	05070	cup, chopped or diced	140.0
874	05071	drumstick  with skin	130.0
876	05073	drumstick without skin	96.0
877	05074	oz	28.333333333333332
878	05075	oz	28.333333333333332
881	05078	oz	28.333333333333332
882	05079	cup, chopped or diced	140.0
883	05080	oz	28.333333333333332
885	05082	oz	28.333333333333332
886	05083	oz	28.333333333333332
890	05087	unit (yield from 1 lb ready-to-cook chicken)	11.0
894	05091	thigh with skin	193.0
897	05094	thigh with skin	137.0
898	05095	unit (yield from 1 lb ready-to-cook chicken)	41.0
899	05096	thigh without skin	149.0
901	05098	thigh without skin	116.0
902	05099	cup, chopped or diced	140.0
903	05100	piece	107.0
906	05103	piece	85.0
907	05104	cup, chopped or diced	140.0
908	05105	wing, bone and skin removed (yield from 1 lb ready-to-cook chicken)	17.0
910	05107	unit (yield from 1 lb ready-to-cook chicken)	13.0
911	05108	cup, chopped or diced	140.0
921	05118	cup, chopped or diced	140.0
925	05122	oz	28.333333333333332
942	05139	oz	28.333333333333332
943	05140	cup, chopped or diced	140.0
944	05141	unit (yield from 1 lb ready-to-cook duck)	137.0
945	05142	cup, chopped or diced	140.0
950	05147	cup, chopped or diced	140.0
966	05165	oz	28.333333333333332
967	05166	oz	28.333333333333332
968	05167	oz	28.333333333333332
969	05168	oz	28.333333333333332
973	05172	giblets	95.0
975	05174	gizzard cooked	45.0
977	05176	heart	20.0
981	05180	serving	85.0
983	05182	serving	85.0
985	05184	serving	85.0
987	05186	serving	85.0
989	05188	serving	85.0
990	05190	cup, chopped or diced	140.0
994	05194	unit (yield from 1 lb ready-to-cook turkey)	71.0
996	05196	unit (yield from 1 lb ready-to-cook turkey)	24.0
997	05200	oz	28.333333333333332
999	05216	oz	28.333333333333332
1001	05220	oz	28.333333333333332
1003	05228	oz	28.333333333333332
1005	05277	can (5 oz)	142.0
1007	05284	cup, drained	135.0
1019	05306	patty (4 oz, raw) (yield after cooking)	82.0
1021	05308	oz	28.333333333333332
1023	05310	oz	28.333333333333332
1024	05311	oz	28.0
1027	05314	oz	28.333333333333332
1032	05319	drumstick	71.0
1035	05324	patty	60.0
1037	05327	piece	15.0
1040	05334	thigh	95.0
1041	05335	oz	28.35
1045	05339	wing	51.0
1047	05342	oz	28.333333333333332
1059	05356	serving	85.0
1060	05357	oz	28.333333333333332
1061	05358	oz	28.333333333333332
1062	05359	drumstick	71.0
1063	05361	thigh	95.0
1064	05362	wing	51.0
1080	05642	patty	93.0
1114	05678	drumstick with skin	143.0
1115	05679	drumstick without skin	91.0
1116	05680	drumstick without skin	95.0
1117	05681	oz	28.333333333333332
1118	05682	oz	28.333333333333332
1119	05683	thigh with skin	130.0
1120	05684	oz	28.35
1121	05685	oz	28.35
1122	05686	oz	28.35
1123	05687	drumstick with skin	106.0
1124	05688	drumstick with skin	143.0
1125	05689	drumstick with skin	129.0
1126	05690	oz	28.333333333333332
1127	05691	oz	28.333333333333332
1128	05692	thigh with skin	130.0
1129	05693	oz	28.333333333333332
1131	05695	oz	28.333333333333332
1133	05697	oz	28.333333333333332
1135	05699	oz	28.35
1137	05701	oz	28.333333333333332
1139	05703	oz	28.333333333333332
1141	05705	oz	9.333333333333334
1143	05707	oz	28.333333333333332
1144	05708	breast	1171.0
1145	05709	oz	28.333333333333332
1147	05711	breast	863.0
1149	05713	oz	28.333333333333332
1154	05718	oz	28.333333333333332
1156	05720	oz	28.333333333333332
1158	05722	oz	28.333333333333332
1159	05723	oz	9.333333333333334
1161	05725	oz	28.333333333333332
1163	05727	oz	28.333333333333332
1164	05728	oz	28.333333333333332
1166	05730	oz	28.333333333333332
1167	05732	oz	28.333333333333332
1168	05733	oz	28.333333333333332
1170	05735	oz	28.333333333333332
1172	05737	oz	28.333333333333332
1174	05739	oz	28.333333333333332
1176	05741	oz	28.333333333333332
1178	05743	oz	28.333333333333332
1180	05745	oz	28.333333333333332
1185	06001	cup (4 fl oz)	252.0
1188	06004	cup	260.0
1191	06008	cup	240.0
1192	06009	cup	250.0
1193	06010	cup	252.0
1194	06011	cup	248.0
1195	06013	cup (4 fl oz)	252.0
1197	06015	cup	245.0
1198	06016	cup (4 fl oz)	252.0
1200	06018	can	530.0
1201	06019	cup	248.0
1202	06022	cup	240.0
1203	06023	cup	252.0
1204	06024	cup	255.0
1205	06025	cup	242.0
1207	06027	cup (8 fl oz)	240.0
1209	06029	cup	252.0
1210	06030	cup	252.0
1214	06039	cup	240.0
1215	06040	cup (4 fl oz)	246.0
1218	06043	cup	252.0
1219	06044	cup (4 fl oz)	252.0
1220	06045	cup (4 fl oz)	246.0
1221	06046	cup	252.0
1224	06049	cup	256.0
1225	06050	cup	240.0
1227	06053	cup	248.0
1234	06063	cup (4 fl oz)	258.0
1236	06067	cup	230.0
1237	06068	cup	252.0
1238	06070	cup	245.0
1239	06071	cup	252.0
1240	06072	cup	246.0
1241	06075	cube	3.6
1243	06080	cube	4.0
1248	06094	serving 1 tbsp	7.5
1250	06101	packet	18.0
1251	06112	tbsp	18.0
1254	06116	cup	233.0
1257	06119	cup	228.0
1260	06122	cup (8 fl oz)	21.0
1262	06124	serving	6.7
1263	06125	cup	238.0
1266	06128	packet	74.0
1271	06149	cup	248.0
1272	06150	tbsp	17.0
1276	06159	cup	148.0
1277	06164	tbsp	18.0
1278	06165	cup	250.0
1279	06166	cup	250.0
1280	06167	cup	250.0
1282	06169	tsp	4.7
1283	06170	cup	240.0
1284	06172	cup	240.0
1285	06174	cup	233.0
1286	06175	tbsp	16.0
1287	06176	tbsp	18.0
1288	06177	cup	245.0
1289	06179	tbsp	18.0
1291	06182	cup	251.0
1292	06183	cup	240.0
1293	06188	cup	219.0
1294	06189	Tbsp	18.0
1295	06190	cup	245.0
1296	06192	cup	253.0
1297	06193	cup	245.0
1298	06194	cup	249.0
1301	06208	cup	245.0
1310	06217	cup	252.0
1322	06230	serving 1 cup	252.0
1334	06243	serving 1 cup	252.0
1344	06256	cup (8 fl oz)	253.0
1386	06359	serving 1 cup	252.0
1413	06402	cup	247.0
1415	06404	serving 1 cup	266.0
1419	06409	cup (8 fl oz)	244.0
1422	06413	cup (8 fl oz)	244.0
1426	06417	cup	244.0
1428	06419	serving 1 cup	248.0
1429	06423	serving 1 cup	243.0
1430	06426	cup	261.0
1431	06428	serving 1 cup	249.0
1433	06430	serving 1 cup	248.0
1444	06443	serving 1 cup	248.0
1449	06449	serving 1 cup	259.0
1453	06456	cup	244.0
1456	06461	cup	244.0
1458	06463	cup	247.0
1461	06468	cup	241.0
1463	06471	cup (8 fl oz)	244.0
1464	06472	cup (8 fl oz)	241.0
1465	06475	serving 1 cup	240.0
1467	06480	cup 8 fl oz	241.0
1470	06483	cup 8 fl oz	261.0
1472	06494	serving 1 cup	230.0
1474	06498	cup 8 fl oz	265.0
1480	06528	cup	245.0
1492	06559	serving 1 cup	248.0
1494	06583	package without flavor packet	81.0
1495	06584	serving 1/2 cup	121.0
1519	06618	tbsp	17.0
1535	06700	cup	221.0
1550	06749	cup	250.0
1552	06931	serving 1/2 cup	132.0
1554	06955	cup	248.0
1555	06956	serving 1/2 cup	121.0
1556	06957	serving	6.7
1557	06958	serving	6.7
1558	06959	serving	6.7
1559	06961	tbsp	15.0
1560	06962	tbsp	15.0
1561	06963	cup	244.0
1562	06964	serving 1 cup	248.0
1563	06965	cup	259.0
1564	06966	serving 1 cup	248.0
1565	06967	cup	253.0
1566	06968	cup	244.0
1567	06969	serving 1/3 cup	39.0
1568	06970	cup	240.0
1569	06971	tbsp	17.0
1570	06972	packet	6.0
1571	06974	cup	241.0
1572	06976	serving 1/2 cup	128.0
1573	06977	cup	236.0
1574	06978	cup	251.0
1575	06980	cup	240.0
1576	06981	tsp	2.6
1595	07002	oz	28.0
1598	07005	slices	25.0
1599	07006	sausage	91.0
1600	07007	slice	30.0
1601	07008	oz	28.35270768358378
1602	07010	slice, medium (4-1/2" dia x 1/8" thick) (1 oz)	28.0
1603	07011	oz 1 serving	28.282828282828284
1604	07013	link cooked	85.0
1605	07014	oz	28.35
1607	07016	links	42.918454935622314
1609	07019	oz	28.35
1611	07021	slice	38.0
1612	07022	frankfurter	50.0
1613	07024	oz	28.333333333333332
1614	07025	oz	28.35
1615	07026	oz	28.35
1616	07027	slice (1 oz) (4" x 4" x 3/32" thick)	28.0
1617	07028	slice	23.0
1618	07029	grams 1 serving	1.0
1619	07030	oz	28.35
1620	07031	tbsp	15.0
1621	07032	slice (1 oz) (4" x 4" x 3/32" thick)	28.0
1623	07034	slice (1 oz) (4" x 4" x 3/32" thick)	28.0
1625	07038	link	72.0
1626	07039	serving 2 slices	57.0
1629	07043	slice oval	9.3
1631	07045	oz	28.35
1632	07046	slice	28.0
1633	07050	oz	28.35
1634	07051	slice (1 oz) (4" x 4" x 3/32" thick)	28.0
1635	07052	slices	28.5
1636	07053	tbsp	13.0
1639	07056	slices	28.40909090909091
1640	07057	oz	28.333333333333332
1641	07058	slice	38.0
1647	07064	patty	27.0
1648	07065	link (raw dimensions: 4" long x 7/8" dia), cooked	13.0
1649	07066	cup	128.0
1650	07067	tbsp	13.0
1651	07068	slice	26.0
1652	07069	slice round	12.3
1653	07070	serving	28.0
1655	07072	slice	9.8
1656	07073	tbsp	15.0
1657	07074	link (4" long x 1-1/8" dia)	68.0
1658	07075	oz	28.333333333333332
1660	07078	oz 1 serving	28.0
1661	07081	slice	15.0
1662	07083	sausage (7/8" dia x 2" long)	16.0
1664	07089	link, 4/lb	83.0
1676	07900	oz	28.333333333333332
1678	07905	frank 1 NLEA serving	57.0
1679	07906	oz 1 NLEA serving	28.0
1681	07908	oz 1 NLEA serving	28.0
1682	07909	oz (1 serving)	28.0
1692	07919	oz, 2 links	28.0
1702	07929	oz	28.0
1721	07951	cubic inch	17.0
1723	07953	patty	30.0
1724	07954	serving	48.0
1726	07956	serving	43.0
1731	07961	slice	12.0
1732	07962	frankfurter	51.0
1733	07963	frankfurter	50.0
1734	07964	frankfurter	48.0
1735	07965	oz	28.333333333333332
1736	07966	oz	28.333333333333332
1738	07968	oz	28.333333333333332
1739	07969	link	370.0
1740	07970	oz	28.333333333333332
1741	07971	slice	33.0
1743	07973	slice	8.1
1744	07974	serving	15.0
1745	07978	oz	28.333333333333332
1746	07979	oz	28.333333333333332
1747	08001	cup (1 NLEA serving)	62.0
1748	08002	cup (1 NLEA serving for adults)	30.0
1749	08003	cup (1 NLEA serving)	28.0
1750	08005	cup (1 NLEA serving)	90.09009009009009
1751	08010	cup (1 NLEA serving)	36.0
1752	08011	cup (1 NLEA serving)	34.666666666666664
1753	08012	cup (1 NLEA serving)	36.0
1754	08013	cup (1 NLEA serving)	28.0
1755	08014	cup (1 NLEA serving)	41.333333333333336
1756	08015	cup (1 NLEA serving)	38.666666666666664
1757	08017	cup (1 NLEA serving)	34.666666666666664
1758	08018	cup (1 NLEA serving)	36.0
1759	08019	cup (1 NLEA serving)	31.0
1760	08020	cup (1 NLEA serving)	28.0
1761	08023	cup (1 NLEA serving)	65.33333333333333
1762	08025	cup (1 NLEA serving)	26.4
1763	08028	cup (1 NLEA serving)	38.666666666666664
1764	08029	cup (1 NLEA serving)	40.0
1765	08030	cup (1 NLEA serving)	29.0
1766	08031	biscuit (1 NLEA serving)	8.285714285714286
1767	08032	cup (1 NLEA serving)	40.0
1768	08034	cup (1 NLEA serving)	36.0
1769	08035	cup (1 NLEA serving)	41.333333333333336
1770	08037	cup	122.0
1771	08038	cup (1 NLEA serving)	116.0
1772	08039	cup (1 NLEA serving)	38.666666666666664
1773	08045	cup (1 NLEA serving)	37.333333333333336
1774	08046	cup (1 NLEA serving)	21.333333333333332
1775	08047	cup (1 NLEA serving)	20.666666666666668
1776	08048	cup (1 NLEA serving)	24.0
1777	08049	cup (1 NLEA serving)	42.666666666666664
1778	08050	cup (1 NLEA serving)	36.0
1779	08054	cup (1 NLEA serving)	96.0
1780	08057	cup (1 NLEA serving)	42.666666666666664
1781	08058	cup (1 NLEA serving)	30.0
1782	08059	cup (1 NLEA serving)	27.0
1783	08060	cup ( 1 NLEA serving)	59.0
1784	08061	cup (1 NLEA serving)	59.0
1785	08064	cup (1 NLEA serving)	27.0
1786	08065	cup (1 NLEA serving)	26.4
1787	08066	cup (1 NLEA serving)	18.666666666666668
1788	08067	cup (1 NLEA serving)	31.0
1789	08068	cup (1 NLEA serving)	30.0
1790	08069	cup ( 1 NLEA serving)	40.0
1791	08071	cup (1 NLEA serving)	36.0
1792	08073	cup (1 NLEA serving)	36.0
1793	08074	cup (1 NLEA serving)	28.0
1794	08077	cup (1 NLEA serving)	40.0
1795	08078	cup (1 NLEA serving)	32.0
1796	08081	cup (1 NLEA serving)	59.0
1797	08082	cup (1 NLEA serving)	62.666666666666664
1798	08083	cup (1 NLEA serving)	31.0
1799	08084	oz	28.35
1800	08085	tbsp (1 NLEA serving)	7.0
1801	08087	cup (1 NLEA serving)	29.0
1802	08089	cup (1 NLEA serving)	36.0
1803	08090	tbsp	9.7
1804	08091	cup	257.0
1805	08092	packet	29.0
1807	08094	packet (1 NLEA serving)	28.0
1809	08100	cup (1 NLEA serving)	180.0
1810	08101	cup	244.0
1811	08102	tbsp	10.6
1813	08104	tbsp	11.0
1815	08106	tbsp	11.5
1817	08113	cup	240.0
1818	08116	tbsp (1 NLEA serving)	11.666666666666666
1819	08120	cup	81.0
1820	08121	cup	234.0
1821	08122	packet	28.0
1822	08123	cup, cooked	234.0
1824	08128	packet	45.0
1827	08132	packet	44.0
1829	08138	cup	30.0
1832	08144	cup	94.0
1834	08146	cup (1 NLEA serving)	15.0
1835	08147	biscuits (1 NLEA serving)	23.5
1836	08148	cup (1 NLEA serving)	49.0
1839	08159	cup	170.0
1852	08189	cup (1 NLEA serving)	98.0
1853	08191	cup (1 NLEA serving)	52.0
1854	08192	cup (1 NLEA serving)	44.0
1855	08194	cup (1 NLEA serving)	38.666666666666664
1856	08200	cup (1 NLEA serving)	80.0
1857	08202	cup (1 NLEA serving)	60.0
1858	08204	cup	30.0
1859	08206	cup (1 NLEA serving)	40.0
1861	08211	cup (1 NLEA serving)	36.0
1862	08214	cup (1 NLEA serving)	56.0
1864	08216	cup (1 NLEA serving)	45.6
1865	08218	cup (1 NLEA serving)	102.0
1866	08220	cup (1 NLEA serving)	82.58258258258257
1871	08239	cup (1 NLEA serving)	36.0
1872	08243	cup (1 NLEA serving)	57.0
1873	08244	cup (1 NLEA serving)	60.0
1874	08245	cup (1 NLEA serving)	62.0
1875	08247	cup (1 NLEA serving)	53.0
1876	08259	cup (1 NLEA serving)	29.0
1877	08261	cup (1 NLEA serving)	65.33333333333333
1878	08262	cup (1 NLEA serving)	55.0
1879	08263	cup (1 NLEA serving)	40.0
1880	08267	cup (1 NLEA serving)	36.0
1881	08268	cup (1 NLEA serving)	33.0
1882	08270	cup (1 NLEA serving)	36.0
1883	08271	cup (1 NLEA serving)	36.0
1884	08272	cup (1 NLEA serving)	41.333333333333336
1885	08273	cup (1 NLEA serving)	33.0
1886	08274	cup (1 NLEA serving)	26.4
1887	08277	cup (1 NLEA serving)	82.45877061469265
1888	08284	cup (1 NLEA serving)	89.95502248875562
1889	08286	cup (1 NLEA serving)	82.08955223880596
1890	08288	cup (1 NLEA serving)	40.0
1891	08290	cup (1 NLEA serving)	41.333333333333336
1892	08305	cup (1 NLEA serving)	30.0
1893	08309	cup (1 NLEA serving)	40.0
1896	08318	cup (1 NLEA serving)	50.0
1898	08346	cup (1 NLEA serving)	40.0
1901	08349	cup (1 NLEA serving)	32.0
1911	08376	cup (1 NLEA serving)	29.0
1912	08380	cup (1 NLEA serving)	53.0
1913	08383	cup (1 NLEA serving)	31.0
1915	08386	Cup (1 NLEA serving)	70.66666666666667
1916	08387	cup (1 NLEA serving)	44.0
1917	08388	cup (1 NLEA serving)	19.0
1919	08390	cup (1 NLEA serving)	53.0
1920	08393	cup (1 NLEA serving)	52.0
1922	08409	cup (1 NLEA serving)	41.333333333333336
1926	08435	cup (1 NLEA serving)	73.33333333333333
1935	08462	biscuits (1 NLEA serving)	1.8620689655172413
1937	08469	cup (1 NLEA serving)	40.0
1942	08484	cup (1 NLEA serving)	59.0
1948	08494	cup (1 NLEA serving)	40.0
1949	08495	cup (1 NLEA serving)	38.666666666666664
1950	08500	cup (1 NLEA serving)	55.0
1951	08501	cup	36.0
1958	08510	bar	25.0
1961	08513	cup (1 NLEA serving)	37.333333333333336
1962	08531	cup (1 NLEA serving)	42.666666666666664
1964	08538	cup (1 NLEA serving)	55.0
1967	08543	cup (1 NLEA serving)	40.0
1968	08544	cup (1 NLEA serving)	64.0
1969	08546	bar	22.0
1971	08550	cup (1 NLEA serving)	34.666666666666664
1972	08553	cup (1 NLEA serving)	40.0
1973	08554	cup (1 NLEA serving)	69.33333333333333
1974	08560	Cup (1 NLEA serving)	79.1044776119403
1980	08571	cup (1 NLEA serving)	73.33333333333333
1987	08579	bowl (3/4 cup) (1 NLEA serving)	28.0
1989	08582	cup (1 NLEA serving)	36.0
1990	08583	cup (1 NLEA serving)	36.0
1991	08584	cup (1 NLEA serving)	41.333333333333336
1992	08586	cup	28.0
1994	08588	cup (1 NLEA serving)	30.0
1998	08592	cup (1 NLEA serving)	37.333333333333336
1999	08593	cup (1 NLEA serving)	36.0
2000	08594	cup (1 NLEA serving)	42.666666666666664
2001	08595	cup (1 NLEA serving)	40.0
2002	08596	cup (1 NLEA serving)	50.0
2003	08598	cup (1 NLEA serving)	52.0
2004	08599	cup (1 NLEA serving)	55.0
2005	08602	cup (1 NLEA serving)	40.0
2006	08603	cup (1 NLEA serving)	40.0
2008	08610	cup (1 NLEA serving)	40.0
2018	08633	cup (1 NLEA serving)	56.0
2020	08635	cup (1 NLEA serving)	30.0
2021	08637	cup (1 NLEA serving)	36.0
2026	08643	cup (1 NLEA serving)	26.4
2033	08655	cup (1 NLEA serving)	38.666666666666664
2034	08656	cup (1 NLEA serving)	40.0
2035	08657	cup (1 NLEA serving)	36.0
2056	08680	packet	43.0
2090	09003	cup, quartered or chopped	125.0
2091	09004	cup slices	110.0
2092	09005	cup slices	171.0
2093	09006	cup slices	170.0
2094	09007	cup slices	204.0
2095	09008	cup slices	204.0
2096	09009	cup	60.0
2098	09011	cup	86.0
2099	09012	cup	255.0
2103	09016	cup	248.0
2104	09017	can (6 fl oz)	211.0
2105	09018	cup	239.0
2106	09019	cup	244.0
2107	09020	cup	246.0
2108	09021	cup, halves	155.0
2109	09022	cup, halves	243.0
2111	09024	cup, halves	244.0
2113	09026	cup, halves	253.0
2114	09027	cup, halves	258.0
2119	09032	cup, halves	130.0
2120	09033	cup, halves	250.0
2123	09036	cup	251.0
2124	09037	cup, cubes	150.0
2127	09040	cup, mashed	225.0
2128	09041	cup	100.0
2129	09042	cup	144.0
2130	09043	cup	250.0
2131	09044	cup	160.0
2132	09046	cup	256.0
2133	09048	cup, unthawed	151.0
2134	09050	cup	148.0
2135	09052	cup	256.0
2137	09054	cup, unthawed	155.0
2138	09055	cup, thawed	230.0
2140	09057	cup, unthawed	132.0
2141	09059	cup	220.0
2142	09060	cup, cubes	132.0
2145	09063	cup, without pits	155.0
2146	09064	cup	244.0
2148	09066	cup	256.0
2150	09068	cup, unthawed	155.0
2151	09070	cup, with pits, yields	138.0
2152	09071	cup, pitted	248.0
2153	09072	cup, pitted	250.0
2154	09073	cup, pitted	252.0
2155	09074	cup	253.0
2157	09076	cup, thawed	259.0
2159	09078	cup, chopped	110.0
2160	09079	cup	160.0
2161	09081	cup	277.0
2164	09084	cup	112.0
2165	09085	cup	144.0
2166	09087	cup, chopped	147.0
2168	09089	large (2-1/2" dia)	64.0
2169	09090	cup	248.0
2170	09091	cup	252.0
2171	09092	cup	259.0
2173	09094	cup	149.0
2174	09095	cup	259.0
2175	09096	cup	237.0
2176	09097	cup	237.0
2178	09099	cup	242.0
2179	09100	cup	248.0
2184	09105	cup	255.0
2189	09111	cup sections, with juice	230.0
2193	09116	cup sections, with juice	230.0
2196	09119	cup	244.0
2197	09120	cup	249.0
2198	09121	cup	254.0
2199	09123	cup	247.0
2201	09125	can (6 fl oz)	207.0
2202	09126	cup	247.0
2203	09127	fl oz	30.0
2204	09128	cup	247.0
2206	09130	cup	253.0
2207	09131	cup	92.0
2208	09132	cup	151.0
2209	09133	cup	245.0
2210	09134	cup	256.0
2211	09135	cup	253.0
2213	09139	cup	165.0
2215	09143	cup	238.0
2218	09148	cup, sliced	180.0
2219	09149	fruit without refuse	19.0
2220	09150	cup, sections	212.0
2221	09152	cup	244.0
2222	09153	tbsp	15.0
2223	09154	cup	244.0
2224	09156	tbsp	6.0
2225	09159	fruit (2" dia)	67.0
2226	09160	cup	242.0
2227	09161	cup	246.0
2228	09163	cup	160.0
2229	09164	cup	190.0
2230	09165	fruit	2.5
2231	09167	cup, unthawed	147.0
2236	09176	cup pieces	165.0
2238	09181	cup, balls	177.0
2239	09183	cup, cubes	170.0
2240	09184	cup, diced (approx 20 pieces per cup)	170.0
2242	09190	cup	140.0
2243	09191	cup slices	143.0
2245	09193	tbsp	8.4
2246	09194	super colossal	15.0
2247	09195	olive	2.7
2248	09200	cup, sections	180.0
2253	09206	cup	248.0
2254	09207	cup	249.0
2255	09209	cup	249.0
2256	09210	cup	249.0
2257	09211	cup	249.0
2259	09213	cup	262.0
2260	09214	cup	262.0
2261	09215	cup	249.0
2264	09218	cup, sections	195.0
2265	09219	cup	249.0
2266	09220	cup	252.0
2267	09221	cup	247.0
2268	09223	cup	249.0
2269	09226	cup 1" pieces	145.0
2271	09229	cup	250.0
2272	09231	cup	236.0
2273	09232	cup	247.0
2274	09233	cup	247.0
2275	09236	cup slices	154.0
2276	09237	cup, halves or slices	244.0
2277	09238	cup	250.0
2279	09240	cup, halves or slices	251.0
2280	09241	cup	262.0
2282	09243	cup, whole	242.0
2285	09246	cup, halves	160.0
2286	09247	cup	258.0
2288	09250	cup, thawed	250.0
2289	09251	cup	249.0
2290	09252	cup, slices	140.0
2291	09253	cup, halves	244.0
2292	09254	cup, halves	248.0
2294	09256	cup, halves	251.0
2295	09257	cup	266.0
2297	09259	cup, halves	180.0
2298	09260	cup, halves	255.0
2300	09262	cup	250.0
2301	09263	fruit (2-1/2" dia)	168.0
2304	09266	cup, chunks	165.0
2305	09267	cup, crushed, sliced, or chunks	246.0
2306	09268	cup, crushed, sliced, or chunks	249.0
2307	09269	cup, crushed, sliced, or chunks	252.0
2308	09270	cup, crushed, sliced, or chunks	254.0
2310	09272	cup, chunks	245.0
2311	09273	cup	250.0
2315	09277	cup, sliced	148.0
2316	09278	cup, mashed	200.0
2317	09279	cup, sliced	165.0
2318	09281	cup, pitted	249.0
2319	09282	cup, pitted	252.0
2320	09283	cup, pitted	252.0
2321	09284	cup, pitted	258.0
2323	09286	cup arils (seed/juice sacs)	174.0
2328	09291	cup, pitted	174.0
2329	09292	cup, pitted	248.0
2331	09294	cup	256.0
2334	09297	cup, packed	165.0
2335	09298	cup, packed	165.0
2338	09302	cup	123.0
2339	09304	cup	256.0
2340	09306	cup, thawed	250.0
2341	09307	cup, diced	122.0
2342	09309	cup, diced	137.0
2343	09310	cup	240.0
2347	09315	cup, pulp	225.0
2348	09316	cup, halves	152.0
2349	09317	cup	254.0
2350	09318	cup, thawed	221.0
2351	09319	cup, thawed	255.0
2352	09320	cup, thawed	255.0
2354	09322	cup, pulp	120.0
2356	09326	cup, balls	154.0
2357	09328	cherry (NLEA serving)	5.0
2359	09340	fruit 2-1/4" high x 2-1/2" dia	122.0
2360	09351	cup	214.0
2361	09352	cup	244.0
2363	09354	cup, chunks	181.0
2364	09357	cup, halves	219.0
2366	09367	cup	179.0
2367	09370	cup	222.0
2368	09374	cup	201.0
2369	09379	cup, with pits, yields	183.0
2370	09383	cup	189.0
2371	09400	cup	248.0
2378	09409	cup	250.0
2395	09434	cup	251.0
2397	09436	cup	251.0
2399	09442	cup	249.0
2400	09443	fl oz	31.25
2401	09444	fl oz	31.25
2408	09452	fl oz	30.75
2416	09508	cup	275.0
2419	09512	cup	253.0
2420	09513	cup	227.0
2422	09515	cup	230.0
2423	09516	cup	233.0
2424	09517	fl oz	29.5
2426	09519	fl oz	29.646017699115042
2428	09522	fl oz	29.62962962962963
2434	09530	cup	233.0
2435	09531	cup	228.0
2438	10002	oz	28.35
2439	10003	oz	28.35
2440	10004	oz	28.35
2443	10007	oz	28.35
2445	10009	cup, diced	135.0
2446	10010	oz	28.35
2447	10011	cup, diced	135.0
2449	10013	cup, diced	135.0
2456	10020	oz	28.333333333333332
2457	10021	oz	28.333333333333332
2458	10022	oz	28.333333333333332
2459	10023	oz	28.333333333333332
2460	10024	oz	28.333333333333332
2461	10025	oz	28.333333333333332
2462	10026	oz	28.333333333333332
2463	10027	oz	28.333333333333332
2469	10033	oz	28.333333333333332
2472	10036	oz	28.333333333333332
2477	10041	oz	28.333333333333332
2485	10049	oz	28.333333333333332
2486	10050	oz	28.333333333333332
2490	10054	oz	28.333333333333332
2494	10058	oz	28.333333333333332
2496	10060	oz	28.333333333333332
2497	10061	oz	28.333333333333332
2498	10062	oz	28.333333333333332
2502	10066	oz	28.333333333333332
2504	10068	chop	145.0
2506	10070	oz	28.35
2507	10071	cup, diced	135.0
2509	10073	cup, diced	135.0
2511	10075	oz	28.333333333333332
2514	10078	oz	28.333333333333332
2516	10080	oz	28.333333333333332
2517	10081	oz	28.333333333333332
2518	10082	oz	28.333333333333332
2519	10083	oz	28.333333333333332
2520	10084	oz	28.333333333333332
2521	10085	oz	28.333333333333332
2522	10086	oz	28.333333333333332
2523	10087	oz	28.333333333333332
2524	10088	oz	28.333333333333332
2525	10089	oz	28.333333333333332
2526	10093	oz	28.333333333333332
2527	10094	oz	28.5
2531	10099	oz	28.333333333333332
2550	10119	oz	28.35
2551	10120	oz	28.333333333333332
2554	10123	slice raw	28.0
2556	10130	oz	28.333333333333332
2557	10132	oz	28.35
2558	10134	cup	140.0
2559	10136	cup	140.0
2560	10137	cup	140.0
2563	10141	oz	28.35
2568	10152	cup	140.0
2569	10153	cup	140.0
2571	10163	oz	28.5
2572	10164	oz	28.333333333333332
2573	10165	oz	28.35
2574	10166	oz	28.35
2576	10168	cup	140.0
2577	10169	cup	140.0
2580	10173	oz	28.333333333333332
2583	10176	oz	28.333333333333332
2584	10177	oz	28.333333333333332
2585	10178	oz	28.333333333333332
2586	10179	oz	28.333333333333332
2587	10180	oz	28.333333333333332
2588	10181	chop	142.0
2589	10182	cup	140.0
2590	10183	cup	140.0
2591	10184	cup	140.0
2592	10185	cup	140.0
2593	10186	chop	142.0
2595	10188	oz	28.333333333333332
2596	10189	oz	28.333333333333332
2602	10197	oz	28.333333333333332
2605	10200	oz	28.333333333333332
2607	10202	oz	28.333333333333332
2616	10211	oz	28.333333333333332
2617	10212	oz	28.333333333333332
2618	10213	oz	28.333333333333332
2621	10216	oz	28.333333333333332
2622	10217	oz	28.333333333333332
2623	10218	oz	28.333333333333332
2625	10220	oz	28.333333333333332
2627	10222	oz	28.333333333333332
2631	10226	oz	28.35
2632	10227	oz	28.333333333333332
2650	10862	slice	11.5
2658	10870	slice	138.0
2659	10871	serving (3 oz)	85.0
2660	10872	oz	28.333333333333332
2666	10878	serving (3 oz)	85.0
2667	10879	oz	28.333333333333332
2668	10880	oz	28.333333333333332
2670	10882	serving (3 oz)	85.0
2671	10883	serving (3 oz)	85.0
2672	10884	oz	28.35
2681	10893	oz spiral slice	28.35
2686	10900	oz whole	28.35
2687	10901	oz spiral slice	28.35
2691	10905	oz whole	28.35
2695	10909	oz whole	28.35
2702	10916	serving (3 oz)	85.0
2703	10917	serving (3 oz)	85.0
2707	10921	slice	136.0
2708	10922	serving (3 oz)	85.0
2712	10926	serving (3 oz)	85.0
2713	10927	slice	145.0
2714	10928	serving (3 oz)	85.0
2720	10935	serving (3 oz)	85.0
2727	10943	oz	28.333333333333332
2728	10944	oz	28.333333333333332
2729	10945	oz	28.333333333333332
2730	10946	oz	28.333333333333332
2731	10947	chop	107.0
2732	10948	oz	28.5
2733	10949	chop	146.0
2734	10950	chop	107.0
2735	10951	oz	28.333333333333332
2736	10952	oz	28.333333333333332
2737	10953	oz	28.333333333333332
2738	10954	oz	28.333333333333332
2756	10980	oz	28.5
2757	10981	oz	28.333333333333332
2771	10998	slice	13.8
2772	11001	cup	33.0
2778	11008	artichoke, medium	120.0
2780	11010	cup	168.0
2781	11011	cup	134.0
2782	11012	cup	180.0
2784	11015	cup	242.0
2786	11019	cup	180.0
2788	11023	cup	58.0
2790	11025	cup (1/2" pieces)	124.0
2791	11026	cup (1/2" slices)	151.0
2793	11028	cup (1/8" slices)	131.0
2795	11031	cup	156.0
2796	11032	cup	170.0
2798	11037	cup	160.0
2799	11038	cup	170.0
2801	11040	cup	180.0
2802	11043	cup	104.0
2803	11044	cup	124.0
2808	11050	cup	245.0
2809	11052	cup 1/2" pieces	100.0
2810	11053	cup	125.0
2812	11056	cup	135.0
2815	11061	cup	135.0
2818	11080	cup	136.0
2819	11081	cup slices	170.0
2821	11084	cup, diced	157.0
2822	11086	cup	38.0
2823	11087	cup (1" pieces)	144.0
2825	11090	cup chopped	91.0
2826	11091	cup, chopped	156.0
2827	11092	cup	156.0
2828	11093	cup	184.0
2830	11095	cup	184.0
2831	11096	cup chopped	40.0
2832	11097	NLEA serving	85.0
2833	11098	cup	88.0
2834	11099	sprout	21.0
2836	11101	cup	155.0
2837	11104	cup (1" pieces)	118.0
2838	11105	cup (1" pieces)	125.0
2841	11109	cup, chopped	89.0
2842	11110	cup, shredded	150.0
2843	11112	cup, chopped	89.0
2844	11113	leaf	22.0
2845	11114	cup, shredded	70.0
2847	11116	cup, shredded	70.0
2848	11117	cup, shredded	170.0
2849	11118	cup	150.0
2850	11119	cup, shredded	76.0
2853	11124	cup chopped	128.0
2854	11125	tbsp	9.7
2856	11128	cup, sliced	146.0
2857	11130	cup slices	128.0
2858	11131	cup, sliced	146.0
2859	11134	cup	206.0
2860	11135	cup chopped (1/2" pieces)	107.0
2861	11136	cup (1" pieces)	124.0
2862	11137	cup (1" pieces)	132.0
2863	11138	cup (1" pieces)	180.0
2864	11141	cup	156.0
2866	11143	cup chopped	101.0
2867	11144	cup, diced	150.0
2869	11147	cup	36.0
2870	11148	cup, chopped	175.0
2871	11149	cup (1" pieces)	132.0
2872	11150	cup (1" pieces)	160.0
2874	11152	cup, chopped	29.0
2876	11156	tbsp chopped	3.0
2878	11158	cup (1" pieces)	100.0
2879	11161	cup, chopped	36.0
2880	11162	cup, chopped	190.0
2882	11164	cup, chopped	170.0
2883	11165	cup	16.0
2884	11167	cup	145.0
2885	11168	ear small (5-1/2" to 6-1/2" long)	89.0
2887	11172	cup	164.0
2888	11174	cup	256.0
2889	11176	cup	210.0
2891	11178	cup	136.0
2892	11179	cup	165.0
2899	11192	cup	165.0
2901	11196	cup	170.0
2908	11203	cup	50.0
2909	11204	cup	135.0
2910	11205	cup slices	104.0
2911	11206	cup, pared, chopped	133.0
2912	11207	cup, chopped	55.0
2913	11208	cup, chopped	105.0
2914	11209	cup, cubes	82.0
2915	11210	cup (1" cubes)	99.0
2917	11212	cup	155.0
2918	11213	cup, chopped	50.0
2919	11214	cup	150.0
2920	11215	cup	136.0
2921	11216	tsp	2.0
2927	11223	cup, chopped	42.0
2930	11226	cup slices	150.0
2934	11232	cup	87.0
2936	11234	cup, chopped	130.0
2938	11236	cup, chopped	130.0
2943	11241	cup	135.0
2944	11242	cup slices	165.0
2946	11245	cup, chopped	180.0
2947	11246	cup	89.0
2950	11250	cup, shredded or chopped	55.0
2951	11251	cup shredded	47.0
2952	11252	cup shredded	72.0
2953	11253	cup shredded	36.0
2955	11255	cup	120.0
2959	11260	cup, pieces or slices	70.0
2960	11261	cup pieces	156.0
2962	11264	cup	156.0
2966	11268	mushroom	3.6
2967	11269	cup pieces	145.0
2968	11270	cup, chopped	56.0
2969	11271	cup, chopped	140.0
2971	11273	cup, chopped	150.0
2976	11278	cup	100.0
2977	11279	cup slices	160.0
2978	11280	package (10 oz)	287.8787878787879
2979	11281	cup slices	184.0
2980	11282	cup, chopped	160.0
2981	11283	cup	210.0
2982	11284	tbsp	5.0
2986	11288	tbsp chopped	15.0
2987	11289	package (10 oz)	287.8787878787879
2988	11290	cup	210.0
2989	11291	cup, chopped	100.0
2990	11292	tbsp	6.0
2993	11296	cup	48.0
2994	11297	cup chopped	60.0
2996	11299	cup slices	156.0
2997	11300	cup, chopped	98.0
2998	11301	cup	160.0
3000	11303	cup	160.0
3001	11304	cup	145.0
3002	11305	cup	160.0
3004	11308	cup	175.0
3007	11312	cup	134.0
3008	11313	cup	160.0
3012	11323	package (10 oz) yields	278.0
3015	11327	cup	180.0
3016	11329	pepper	73.0
3017	11333	cup, chopped	149.0
3018	11334	cup, chopped or strips	135.0
3022	11344	cup	154.0
3023	11345	cup	153.0
3024	11349	cup	240.0
3026	11351	cup	165.0
3027	11352	cup, diced	150.0
3038	11363	cup	122.0
3039	11364	skin	58.0
3040	11365	cup	156.0
3042	11367	cup	156.0
3045	11370	cup	156.0
3046	11371	cup	210.0
3051	11378	cup	60.0
3052	11379	cup	210.0
3055	11382	cup	200.0
3062	11391	cup prepared	150.0
3067	11399	puffs	7.9
3068	11400	cup	182.0
3070	11403	fries	7.6
3077	11413	cup	160.0
3080	11417	cup	134.0
3082	11419	cup	71.0
3083	11422	cup (1" cubes)	116.0
3084	11423	cup, mashed	245.0
3085	11424	cup	245.0
3089	11429	cup slices	116.0
3090	11430	cup slices	116.0
3091	11431	cup, sliced	147.0
3093	11435	cup, cubes	140.0
3094	11436	cup, cubes	170.0
3096	11438	cup, sliced	135.0
3097	11439	cup	142.0
3098	11442	tbsp (1/8 cup)	5.0
3099	11444	tbsp (1/8 cup)	5.0
3100	11445	tbsp (1/8 cup)	5.0
3101	11446	sheets	2.6
3107	11453	cup	94.0
3108	11457	cup	30.0
3109	11458	cup	180.0
3111	11461	cup	214.0
3112	11463	cup	156.0
3113	11464	cup	190.0
3115	11468	cup, sliced	180.0
3116	11471	cup, diced	210.0
3118	11474	cup slices	192.0
3120	11476	cup, mashed	240.0
3121	11477	cup, chopped	124.0
3122	11478	cup, sliced	180.0
3124	11480	cup	223.0
3135	11491	cup, mashed	236.0
3137	11493	cup	155.0
3142	11502	cup	170.0
3146	11506	cup	64.0
3147	11507	cup, cubes	133.0
3148	11508	cup	200.0
3149	11510	cup, mashed	328.0
3150	11512	cup, mashed	255.0
3154	11518	cup, sliced	104.0
3155	11519	cup, sliced	132.0
3156	11520	cup	28.0
3162	11527	cup	180.0
3163	11529	cup cherry tomatoes	149.0
3164	11530	cup	240.0
3165	11531	cup	240.0
3166	11533	cup	255.0
3168	11540	cup	243.0
3169	11546	cup	264.0
3170	11547	cup	250.0
3171	11549	cup	245.0
3175	11557	cup	250.0
3178	11564	cup, cubes	130.0
3179	11565	cup, cubes	156.0
3181	11567	cup	156.0
3183	11569	cup, chopped	144.0
3186	11575	cup	164.0
3188	11577	cup	163.0
3189	11578	cup	253.0
3191	11581	cup	163.0
3193	11584	cup	182.0
3195	11588	cup slices	124.0
3196	11590	cup slices	140.0
3197	11591	cup, chopped	34.0
3199	11594	cup, cubes	175.0
3202	11601	cup, cubes	150.0
3203	11602	cup, cubes	136.0
3204	11603	cup slices	120.0
3206	11609	cup slices	227.0
3217	11626	cup	125.0
3219	11634	tbsp	0.4
3222	11641	cup, sliced	113.0
3223	11642	cup, sliced	180.0
3224	11643	cup, cubes	116.0
3225	11644	cup, cubes	205.0
3226	11645	cup	228.0
3229	11655	cup	236.0
3231	11657	cup	210.0
3233	11659	piece (2-1/2" x 2" dia)	105.0
3235	11667	cup	112.0
3236	11669	tbsp (1/8 cup)	5.0
3237	11670	pepper	45.0
3240	11674	NLEA serving	148.0
3244	11683	cup	74.0
3261	11715	cup	248.0
3264	11718	cup	124.0
3268	11724	cup	125.0
3273	11729	cup	153.0
3276	11732	cup	135.0
3279	11735	cup	246.0
3297	11758	cup slices	246.0
3305	11766	cup (1" pieces)	160.0
3310	11771	cup	256.0
3343	11805	cup	210.0
3350	11812	cup	248.0
3353	11816	cup	255.0
3356	11819	pepper	45.0
3357	11820	pepper	73.0
3358	11821	cup, chopped	149.0
3360	11823	cup, strips	135.0
3368	11831	cup	156.0
3370	11833	cup	156.0
3417	11885	cup	240.0
3418	11886	cup	243.0
3419	11888	cup	250.0
3428	11897	cup, cubes	136.0
3431	11901	ear, small (5-1/2" to 6-1/2" long)	89.0
3435	11905	cup	164.0
3436	11906	cup	256.0
3441	11911	cup	165.0
3447	11917	package (10 oz)	287.8787878787879
3458	11932	cup	153.0
3461	11935	tbsp	17.0
3463	11937	spear, small	35.0
3466	11940	cup, chopped	160.0
3467	11941	cup	155.0
3468	11943	tbsp	12.0
3470	11945	tbsp	15.0
3471	11946	cup, chopped or diced	143.0
3473	11948	slice	6.0
3474	11949	tbsp	17.0
3477	11952	cup, shredded	40.0
3479	11954	medium	34.0
3480	11955	cup	54.0
3482	11957	cup, sliced	87.0
3484	11959	leaf	2.0
3487	11962	cup	37.0
3488	11963	cup, sliced	86.0
3489	11964	cup	149.0
3490	11965	cup	64.0
3491	11967	head	450.0
3493	11969	cup	88.0
3497	11974	cup	14.0
3499	11976	cup	124.0
3500	11977	cup, chopped	105.0
3502	11979	cup, sliced	90.0
3506	11983	cup	245.0
3527	12014	cup	129.0
3528	12016	cup	118.0
3531	12023	cup	144.0
3533	12029	cup	128.0
3537	12036	cup, with hulls, edible yield	46.0
3538	12037	cup	128.0
3539	12038	cup	135.0
3546	12061	cup, whole	143.0
3547	12062	cup whole kernels	145.0
3548	12063	cup whole kernels	138.0
3549	12065	cup whole kernels	157.0
3550	12071	oz	28.35
3552	12078	cup, whole	133.0
3554	12085	cup, halves and whole	137.0
3555	12086	cup, whole	129.0
3567	12104	cup, shredded	80.0
3568	12108	oz	28.35
3569	12109	cup	85.0
3573	12116	tbsp	19.0
3574	12117	cup	240.0
3576	12119	cup	240.0
3577	12120	cup, chopped	115.0
3586	12135	cup	131.0
3592	12142	cup, chopped	109.0
3596	12147	cup	135.0
3599	12152	cup	123.0
3600	12154	cup, chopped	125.0
3601	12155	cup, chopped	117.0
3603	12157	oz	28.0
3607	12166	tbsp	15.0
3608	12167	cup	143.0
3616	12179	cup, shredded	93.0
3621	12201	cup	150.0
3627	12220	tbsp, whole	10.3
3628	12516	cup	118.0
3629	12529	cup	128.0
3631	12537	cup	128.0
3632	12538	cup	135.0
3635	12563	cup whole kernels	138.0
3636	12565	cup whole kernels	157.0
3638	12585	cup, halves and whole	137.0
3639	12586	cup, whole	129.0
3640	12588	tbsp	16.0
3641	12632	cup, whole or halves	132.0
3642	12635	cup	137.0
3643	12637	cup	134.0
3644	12638	cup	144.0
3647	12652	cup	123.0
3650	12695	tbsp	16.0
3658	13020	oz	28.35
3662	13065	oz	28.35
3665	13068	oz	28.35
3666	13069	oz	28.333333333333332
3673	13148	oz	28.333333333333332
3675	13150	piece, cooked, excluding refuse (yield from 1 lb raw meat with refuse)	121.0
3690	13317	oz	28.333333333333332
3693	13320	oz	28.333333333333332
3695	13322	oz	28.333333333333332
3697	13324	oz	28.333333333333332
3699	13326	slice	68.0
3700	13327	slice	81.0
3712	13340	oz	28.333333333333332
3713	13341	oz	28.35
3714	13342	oz	28.333333333333332
3717	13345	slices	11.333333333333334
3719	13347	oz	28.333333333333332
3720	13348	oz	28.35
3722	13350	slices	2.8
3727	13355	package, 2.5 oz	71.0
3732	13361	oz	28.333333333333332
3735	13364	oz	28.333333333333332
3738	13367	oz	28.333333333333332
3739	13368	oz	28.333333333333332
3751	13382	oz	28.333333333333332
3756	13388	oz	28.333333333333332
3786	13424	oz	28.333333333333332
3806	13451	oz	28.333333333333332
3809	13454	oz	28.333333333333332
3836	13491	oz	28.333333333333332
3863	13796	oz	28.333333333333332
3869	13804	oz	28.333333333333332
3875	13810	oz	28.333333333333332
3877	13812	oz	28.333333333333332
3879	13814	oz	28.333333333333332
3881	13816	oz	28.333333333333332
3883	13818	oz	28.333333333333332
3894	13829	oz	28.333333333333332
3903	13840	oz	28.333333333333332
3914	13851	oz	28.333333333333332
3927	13864	oz	28.35
3928	13865	oz	28.333333333333332
3932	13869	oz	28.333333333333332
3941	13878	oz	28.333333333333332
3947	13884	oz	28.333333333333332
3949	13886	oz	28.333333333333332
3951	13888	oz	28.333333333333332
3953	13890	oz	28.333333333333332
3955	13892	oz	28.333333333333332
3956	13893	oz	28.333333333333332
3960	13897	oz	28.333333333333332
3973	13910	oz	28.333333333333332
3975	13912	oz	28.333333333333332
3981	13918	oz	28.333333333333332
3991	13928	oz	28.333333333333332
3993	13930	oz	28.333333333333332
3996	13933	oz	28.333333333333332
4014	13959	oz	28.333333333333332
4034	14003	fl oz	29.7
4037	14006	fl oz	29.5
4041	14013	fl oz	29.5
4043	14016	fl oz	30.0
4046	14021	fl oz	30.0
4047	14022	fl oz	30.0
4050	14026	fl oz	30.0
4052	14028	fl oz	32.3
4054	14030	fl oz	30.0
4055	14031	fl oz	30.0
4056	14033	scoop	19.5
4057	14034	fl oz	33.6
4058	14035	scoop	44.0
4059	14036	fl oz	29.571428571428573
4060	14037	fl oz	27.8
4061	14038	can	250.0
4062	14041	bottle	237.0
4063	14044	bottle	295.0
4064	14045	bottle	295.0
4065	14047	scoop	26.0
4067	14049	fl oz	27.8
4068	14050	fl oz	27.8
4071	14054	fl oz	30.0
4072	14055	scoop	26.0
4073	14056	fl oz	33.25
4074	14057	fl oz	29.5
4075	14058	scoop	28.666666666666668
4076	14059	serving	296.0
4077	14060	fl oz	30.0
4078	14061	fl oz	30.0
4079	14062	fl oz	31.75
4080	14063	tbsp	5.5
4081	14064	fl oz	30.0
4082	14065	fl oz	29.62962962962963
4083	14066	cup	96.96969696969697
4084	14067	scoop	45.0
4085	14068	packet	14.5
4090	14079	fl oz	29.5625
4093	14084	serving (5 fl oz)	148.0
4097	14090	cup	245.0
4098	14091	cup	262.0
4099	14092	cup	240.0
4100	14093	fl oz	29.55
4101	14095	fl oz	30.0
4102	14096	fl oz	29.4
4111	14106	fl oz	29.4
4118	14119	fl oz	30.875
4120	14121	fl oz	29.6
4124	14130	fl oz	30.9
4128	14136	fl oz	30.5
4133	14143	fl oz	29.6
4134	14144	fl oz	30.8
4135	14145	fl oz	30.8
4136	14146	fl oz	29.6
4137	14147	fl oz	30.7
4138	14148	fl oz	30.7
4139	14149	fl oz	29.6
4141	14151	fl oz	29.6
4144	14154	can 8.4 fl oz	258.0
4145	14155	fl oz	30.5
4146	14156	serving 8.3 fl oz can	250.0
4147	14157	fl oz	30.8
4151	14161	fl oz	29.5625
4152	14162	fl oz	30.0
4153	14163	fl oz	29.625
4157	14167	fl oz	30.0
4160	14171	cup	240.0
4162	14174	fl oz	30.0
4164	14179	cup	262.0
4166	14181	serving 2 tbsp	39.0
4170	14188	cup	260.0
4171	14189	fl oz	30.0
4172	14190	cup	269.0
4173	14191	cup	265.0
4174	14192	serving (3 heaping tsp or 1 envelope)	28.0
4177	14196	envelope Alba (.675 oz)	19.0
4179	14199	cup	271.0
4180	14201	fl oz	29.6
4181	14202	fl oz	29.6
4182	14203	tsp	1.0
4183	14204	tsp dry	6.4
4184	14206	cup	270.0
4185	14207	cup	266.0
4186	14209	fl oz	29.6
4187	14210	fl oz	29.6
4188	14211	cup	265.0
4189	14214	tsp	1.0
4191	14216	fl oz	30.0
4193	14218	tsp rounded	1.8
4199	14224	serving 2 tbsp	13.0
4206	14236	tsp (1 serving)	3.0
4207	14237	fl oz	30.1
4209	14239	fl oz	29.91071428571429
4212	14242	fl oz	31.6
4213	14243	fl oz	29.6
4215	14246	tbsp	2.25
4216	14247	fl oz	29.5625
4217	14248	fl oz	29.666666666666668
4218	14250	fl oz	29.583333333333332
4219	14251	fl oz	30.6
4220	14252	bottle	1184.0
4221	14253	fl oz	30.3
4227	14260	ml	1.0
4228	14261	fl oz	29.5625
4229	14262	fl oz	35.2
4231	14264	fl oz	31.11111111111111
4232	14267	fl oz	31.0
4235	14270	serving	15.0
4236	14276	NLEA Serving	210.0
4237	14277	fl oz	31.3
4238	14278	cup	245.0
4239	14279	cup	268.0
4240	14280	cup	240.0
4241	14281	cup	240.0
4242	14282	fl oz	31.3
4245	14287	serving	18.0
4247	14292	fl oz	36.5
4249	14296	serving	18.0
4252	14305	fl oz	29.6
4253	14309	serving (4 tbsp or 1 envelope)	21.0
4255	14311	serving (3 heaping tsp or 1 envelope)	21.0
4257	14315	cup	78.0
4259	14317	serving (3 heaping tsp or 1 envelope)	21.0
4261	14323	fl oz	31.0
4265	14347	fl oz	20.8
4266	14350	serving (2-3 heaping tsp)	22.0
4268	14352	fl oz	29.6
4269	14353	serving 2 tsp	0.7
4270	14355	fl oz	29.6
4271	14356	tsp	0.8
4273	14366	serving 1 tsp	0.7
4274	14367	fl oz	29.7
4275	14368	tsp, rounded	1.4
4276	14370	serving (3 heaping tsp)	23.0
4279	14376	fl oz	29.8
4280	14381	fl oz	29.6
4284	14400	serving child 12 fl oz, without ice	258.0
4287	14407	serving 2 tbsp	26.0
4290	14411	fl oz	29.6
4292	14414	fl oz	34.8
4293	14415	fl oz	31.1
4294	14416	fl oz	29.6
4296	14422	packet (.75 oz)	21.0
4303	14429	fl oz	29.6
4309	14436	fl oz	31.6
4315	14460	fl oz	30.5
4316	14461	fl oz	30.5
4317	14462	fl oz	29.6
4327	14538	envelope  Swiss Miss (.53 oz)	15.0
4332	14545	fl oz	29.6
4334	14550	fl oz	27.8
4335	14551	fl oz	27.8
4336	14552	fl oz	31.0
4337	14553	fl oz	29.0
4338	14555	fl oz	29.6
4339	14557	serving	22.0
4342	14599	fl oz	29.625
4345	14604	fl oz	29.6
4346	14605	fl oz (1 NLEA serving)	29.625
4364	14625	serving	240.0
4365	14626	serving 8 fluid oz	240.0
4366	14627	serving	240.0
4367	14628	fl oz	30.0
4368	14629	fl oz	31.0
4369	14630	fl oz	30.0
4370	14631	tbsp	7.8
4372	14633	serving	238.0
4373	14634	cup	244.0
4374	14635	serving 8 oz	246.0
4375	14636	container	209.0
4376	14637	pouch	200.0
4378	14639	fl oz (approximate weight, 1 serving)	30.0
4379	14640	oz	31.0
4380	14641	serving (8 fl oz)	246.0
4381	14644	fl oz	29.625
4382	14645	cup (8 fl oz)	238.0
4383	14646	cup (8 fl oz)	238.0
4385	14648	fl oz	29.625
4386	14649	fl oz	29.625
4387	14651	cup (8 fl oz)	238.0
4388	14654	tbsp	10.0
4390	15002	oz, boneless	28.35
4396	15008	oz	28.333333333333332
4400	15012	tbsp	16.0
4402	15014	oz	28.35
4403	15015	oz	28.333333333333332
4404	15016	oz	28.333333333333332
4405	15017	oz	28.333333333333332
4406	15018	oz	28.35
4407	15019	fillet	116.0
4408	15020	fillet	79.0
4413	15025	oz	28.333333333333332
4415	15027	piece (4" x 2" x 1/2")	57.0
4416	15028	oz, boneless	28.35
4417	15029	fillet	127.0
4421	15033	oz	28.333333333333332
4423	15035	oz, boneless	28.35
4424	15036	oz	28.333333333333332
4426	15038	oz	28.333333333333332
4427	15039	oz, boneless	28.35
4428	15040	fillet	143.0
4429	15041	cup	140.0
4430	15042	oz, boneless	28.35
4434	15046	fillet	112.0
4436	15048	oz, boneless	28.35
4438	15050	oz	28.333333333333332
4443	15055	oz	28.35
4445	15057	oz, boneless	28.35
4448	15060	fillet	60.0
4450	15062	oz	28.333333333333332
4454	15066	fillet	77.0
4455	15067	fillet	60.0
4456	15068	oz, boneless	28.35
4458	15070	oz	28.333333333333332
4459	15071	fillet	149.0
4460	15072	tbsp	14.0
4465	15077	oz, boneless	28.35
4468	15080	oz	28.333333333333332
4469	15081	oz	28.333333333333332
4471	15083	oz	28.333333333333332
4472	15084	oz	28.333333333333332
4473	15085	oz, boneless	28.35
4474	15086	oz	28.333333333333332
4475	15087	oz	28.333333333333332
4476	15088	cup, drained	149.0
4477	15089	cup	89.0
4478	15090	oz	28.333333333333332
4479	15091	fillet	129.0
4482	15094	oz	28.333333333333332
4483	15095	oz	28.333333333333332
4489	15101	oz	28.333333333333332
4492	15104	oz	28.333333333333332
4493	15105	oz	28.333333333333332
4494	15106	oz	28.35
4498	15110	oz	28.333333333333332
4502	15114	fillet	79.0
4505	15117	oz	28.333333333333332
4507	15119	cup, solid or chunks	146.0
4508	15121	oz	28.35
4511	15126	oz	28.333333333333332
4512	15127	oz, boneless	28.35
4515	15130	oz	28.333333333333332
4516	15131	cup, cooked	136.0
4517	15132	fillet	92.0
4518	15133	fillet	72.0
4523	15138	oz	28.333333333333332
4525	15140	cup, flaked and pieces	118.0
4526	15141	cup	135.0
4530	15145	oz	28.333333333333332
4531	15146	oz	28.333333333333332
4532	15147	lobster	150.0
4533	15148	cup	145.0
4534	15149	medium	6.0
4536	15151	oz	28.333333333333332
4537	15152	cup	128.0
4540	15155	oz	28.333333333333332
4542	15157	oz	28.333333333333332
4545	15160	oz	28.333333333333332
4546	15162	oz	28.333333333333332
4548	15164	cup	150.0
4550	15166	oz	28.333333333333332
4551	15167	medium	14.0
4554	15170	oz	28.333333333333332
4556	15172	unit 2 large or 5 small	30.0
4559	15175	oz, boneless	28.35
4576	15192	fillet	90.0
4585	15201	oz, boneless	28.35
4614	15230	oz	28.333333333333332
4618	15234	oz	28.333333333333332
4619	15235	fillet	143.0
4620	15236	oz	28.333333333333332
4621	15237	oz	28.333333333333332
4624	15240	fillet	79.0
4631	15247	oz	28.333333333333332
4637	15261	fillet	116.0
4638	15262	fillet	87.0
4653	16006	cup	254.0
4655	16008	cup	259.0
4657	16010	cup	249.0
4658	16011	cup	246.0
4659	16014	cup	194.0
4660	16015	cup	172.0
4662	16017	cup	185.0
4673	16028	cup	177.0
4677	16032	cup	184.0
4678	16033	cup	177.0
4679	16034	cup	256.0
4684	16039	cup	262.0
4685	16040	cup	210.0
4686	16041	cup	169.0
4687	16042	cup	193.0
4688	16043	cup	171.0
4693	16048	cup	177.0
4694	16049	cup	202.0
4695	16050	cup	179.0
4697	16052	cup	150.0
4698	16053	cup	170.0
4700	16055	cup	103.0
4701	16056	cup	200.0
4702	16057	cup	164.0
4704	16059	cup	256.0
4707	16062	cup	167.0
4708	16063	cup	171.0
4713	16069	cup	192.0
4714	16070	cup	198.0
4715	16071	cup	178.0
4716	16072	cup	188.0
4724	16080	cup	207.0
4725	16081	cup	202.0
4726	16082	cup	140.0
4728	16084	cup	180.0
4729	16085	cup	197.0
4730	16086	cup	196.0
4731	16087	oz	28.35
4732	16088	cup in shell, edible yield	63.0
4733	16089	cup, chopped	144.0
4734	16090	oz	28.35
4742	16098	tbsp	16.0
4743	16099	cup	60.0
4747	16103	cup	238.0
4748	16104	cup	144.0
4750	16107	link	25.0
4752	16109	cup	172.0
4753	16110	cup	172.0
4755	16112	tbsp	17.0
4756	16113	cup	175.0
4758	16115	cup, stirred	84.0
4760	16117	cup	105.0
4761	16118	cup, stirred	88.0
4763	16120	cup	243.0
4765	16122	oz	28.35
4766	16123	tbsp	16.0
4767	16124	tbsp	18.0
4768	16125	tbsp	18.0
4770	16127	piece (2-1/2" x 2-3/4" x 1")	120.0
4772	16129	oz	28.35
4779	16137	tablespoon	15.0
4781	16139	cup	243.0
4785	16147	pattie	70.0
4786	16149	tbsp	15.5
4787	16150	tablespoon	18.0
4788	16155	tbsp	16.0
4789	16156	tbsp	16.0
4799	16166	cup	243.0
4801	16168	cup	243.0
4803	16172	cup	231.0
4820	16225	cup	243.0
4821	16227	cup	243.0
4824	16230	cup	243.0
4825	16231	cup	243.0
4866	16316	cup	240.0
4871	16326	cup	262.0
4877	16337	cup	256.0
4883	16347	cup	240.0
4890	16360	cup	240.0
4902	16389	cup,	144.0
4903	16390	cup	146.0
4907	16397	tbsp	16.0
4908	16398	tbsp	16.0
4911	16403	cup	238.0
4916	16424	tbsp	14.2
5002	17002	oz	28.333333333333332
5006	17006	oz	28.333333333333332
5008	17008	piece, cooked, excluding refuse (yield from 1 lb raw meat with refuse)	148.0
5012	17012	oz	28.333333333333332
5014	17014	oz	28.333333333333332
5024	17024	oz	28.333333333333332
5025	17025	oz	28.333333333333332
5027	17027	oz	28.333333333333332
5030	17030	oz	28.333333333333332
5033	17033	piece, cooked, excluding refuse (yield from 1 lb raw meat with refuse)	147.0
5035	17035	oz	28.35
5038	17038	oz	28.333333333333332
5039	17039	oz	28.35
5041	17041	oz	28.333333333333332
5042	17042	oz	28.333333333333332
5053	17053	oz	28.333333333333332
5060	17060	oz	28.333333333333332
5077	17077	oz	28.333333333333332
5081	17081	serving	85.0
5083	17083	serving	85.0
5089	17089	oz	28.333333333333332
5091	17091	oz	28.333333333333332
5094	17094	oz	28.35
5095	17095	oz	28.333333333333332
5096	17096	oz	28.333333333333332
5097	17097	oz	28.333333333333332
5098	17098	oz	28.333333333333332
5101	17101	oz	28.333333333333332
5102	17102	oz	28.333333333333332
5104	17104	oz	28.333333333333332
5105	17105	oz	28.333333333333332
5106	17106	oz	28.333333333333332
5108	17108	oz	28.333333333333332
5109	17109	oz	28.333333333333332
5111	17111	oz	28.333333333333332
5114	17114	oz	28.333333333333332
5116	17116	oz	28.35
5117	17117	oz	28.333333333333332
5122	17122	oz	28.35
5129	17129	oz	28.333333333333332
5132	17132	oz	28.333333333333332
5134	17134	oz	28.35
5136	17136	oz	28.333333333333332
5143	17143	oz	28.333333333333332
5147	17147	oz	28.333333333333332
5151	17151	oz	28.333333333333332
5157	17157	oz	28.333333333333332
5159	17159	oz	28.333333333333332
5163	17163	oz	28.333333333333332
5169	17169	oz	28.333333333333332
5173	17173	oz	28.333333333333332
5176	17176	oz	28.333333333333332
5179	17179	oz	28.333333333333332
5181	17181	oz	28.333333333333332
5182	17182	oz	28.333333333333332
5184	17184	oz	28.333333333333332
5219	17219	oz	28.333333333333332
5224	17224	oz	28.35
5225	17225	oz	28.333333333333332
5342	17343	patty (cooked from 4 oz raw)	85.0
5343	17344	patty	93.0
5344	17345	steak	54.0
5345	17346	serving ( 3 oz )	85.0
5453	18001	bagel	99.0
5454	18002	mini bagel (2-1/2" dia)	24.0
5456	18005	mini bagel (2-1/2" dia)	26.0
5457	18006	mini bagel (2-1/2" dia)	24.0
5458	18007	mini bagel (2-1/2" dia)	26.0
5459	18009	oz	28.35
5460	18010	cup, purchased	120.0
5462	18012	serving 1 biscuit	58.0
5463	18013	oz	28.35
5465	18015	biscuit	51.0
5469	18021	oz	28.35
5470	18022	oz	28.35
5471	18023	muffin	51.0
5474	18027	oz	28.35
5475	18028	oz	28.35
5476	18029	oz	28.35
5477	18030	oz	28.35
5479	18033	oz	28.35
5480	18036	oz	28.35
5481	18037	oz	28.35
5482	18038	oz	28.35
5483	18039	oz	28.35
5484	18040	oz	28.35
5485	18041	pita, large (6-1/2" dia)	60.0
5486	18042	pita, large (6-1/2" dia)	64.0
5487	18043	oz	28.35
5488	18044	oz	28.35
5489	18045	oz	28.35
5490	18047	oz	28.35
5491	18048	oz	28.35
5492	18049	oz	28.35
5493	18050	oz	28.35
5495	18053	oz	28.35
5496	18055	oz	28.35
5497	18057	oz	28.35
5498	18059	oz	28.35
5499	18060	oz	28.35
5500	18061	oz	28.35
5501	18064	oz	28.35
5502	18065	oz	28.35
5503	18066	oz	28.35
5504	18069	slice	29.0
5505	18070	oz	28.35
5508	18075	slice	32.0
5509	18076	oz	28.35
5510	18077	oz	28.35
5511	18078	oz	28.35
5512	18079	oz	28.35
5513	18080	cup, small pieces	46.0
5514	18081	oz	28.35
5515	18082	oz	28.35
5517	18085	oz	28.35
5519	18087	serving	38.0
5520	18088	piece (1/12 of 10" dia)	50.0
5521	18090	oz	28.35
5523	18095	oz	28.35
5524	18096	piece (1/12 of a cake)	138.0
5525	18097	oz	28.35
5527	18102	oz	28.35
5532	18107	oz	28.35
5533	18108	oz	28.35
5534	18110	oz	28.35
5535	18112	serving	43.0
5536	18114	oz	28.35
5538	18117	oz	28.35
5540	18120	loaf 1/6 of the loaf	365.2694610778443
5543	18127	oz	28.35
5544	18128	oz	28.35
5546	18133	oz	28.35
5548	18135	oz	28.35
5550	18140	piece (1/12 of a cake)	144.0
5551	18141	serving	67.0
5552	18142	oz	28.35
5553	18144	serving	43.0
5555	18147	oz	28.35
5557	18151	oz	28.35
5560	18155	oz	28.35
5562	18157	oz	28.35
5563	18158	serving 3 cookies	34.0
5564	18159	cookie	12.9
5570	18166	cookie	12.0
5571	18167	oz	28.35
5572	18168	oz	28.35
5573	18170	oz	28.35
5574	18171	oz	28.35
5575	18172	oz	28.35
5576	18173	oz	28.35
5577	18174	pieces	9.0
5578	18175	oz	28.35
5579	18176	oz	28.35
5580	18177	oz	28.35
5581	18178	oz	28.35
5587	18185	oz	28.35
5592	18190	oz	28.35
5593	18191	oz	28.35
5594	18192	oz	28.35
5597	18198	oz	28.35
5598	18199	oz	28.35
5599	18200	oz	28.35
5601	18202	oz	28.35
5602	18204	oz	28.35
5604	18206	oz	28.35
5605	18208	oz	28.35
5606	18209	cookies	12.0
5607	18210	oz	28.35
5608	18211	oz	28.35
5609	18212	oz	28.35
5610	18213	wafers	3.75
5611	18214	oz	28.4
5612	18215	oz	28.4
5613	18216	oz	28.4
5614	18217	oz	28.4
5617	18220	oz	28.4
5620	18223	oz	28.4
5623	18226	oz	28.4
5625	18228	crackers	2.98
5626	18229	crackers	3.2
5627	18230	oz	28.4
5628	18231	oz	28.4
5629	18232	crackers 1 serving	2.125
5632	18235	serving	28.0
5633	18236	oz	28.35
5634	18237	oz	28.35
5635	18239	oz	28.35
5637	18241	oz	28.35
5639	18243	oz	28.4
5640	18244	oz	28.35
5641	18245	oz	28.35
5642	18246	oz	28.35
5643	18247	oz	28.35
5644	18248	donut	40.0
5645	18249	oz	28.35
5647	18251	oz	28.35
5648	18253	oz	28.35
5649	18254	oz	28.35
5650	18255	oz	28.35
5651	18256	oz	28.35
5652	18258	oz	28.35
5653	18259	oz	28.35
5654	18260	oz	28.35
5655	18261	oz	28.35
5656	18262	oz	28.35
5657	18263	oz	28.35
5658	18264	oz	28.35
5659	18265	oz	28.35
5660	18266	oz	28.35
5661	18267	oz	28.35
5665	18271	oz	28.35
5666	18272	oz	28.35
5668	18274	oz	28.35
5672	18279	oz	28.35
5676	18283	oz	28.35
5678	18288	oz	28.35
5681	18291	oz	28.35
5685	18295	oz	28.35
5689	18301	oz	28.35
5692	18304	oz	28.35
5693	18305	oz	28.35
5695	18308	oz	28.35
5697	18310	serving .167 pie	120.0
5699	18313	oz	28.35
5702	18317	oz	28.35
5703	18319	oz	28.35
5704	18320	oz	28.35
5706	18322	oz	28.35
5707	18323	oz	28.35
5708	18324	oz	28.35
5710	18326	oz	28.35
5712	18328	oz	28.35
5715	18334	piece (1/8 of 9" crust)	18.0
5716	18335	pie crust (average weight of 1 baked crust)	154.0
5719	18338	oz	28.35
5721	18342	roll (1 oz)	28.0
5722	18344	oz	28.35
5723	18345	oz	28.35
5724	18346	large (approx 3-1/2" to 4" dia)	43.0
5725	18347	roll (1 oz)	28.0
5726	18348	roll (1 oz)	28.0
5727	18349	oz	28.35
5728	18350	roll 1 serving	44.0
5729	18351	oz	28.35
5730	18352	oz	28.35
5731	18353	oz	28.35
5732	18354	oz	28.35
5734	18356	oz	28.35
5737	18360	shell	12.9
5739	18362	oz	28.35
5740	18363	oz	28.35
5741	18364	tortilla	48.0
5745	18369	tsp	4.6
5746	18370	tsp	4.6
5747	18371	tsp	5.0
5748	18372	tsp	4.6
5749	18373	tsp	3.0
5750	18374	cake (0.6 oz)	17.0
5751	18375	tsp	4.0
5752	18376	oz	28.35
5755	18383	oz	28.35
5756	18384	oz	28.35
5757	18385	oz	28.35
5764	18401	cup	129.0
5765	18402	piece (1/8 of 9" crust)	24.0
5766	18403	oz	28.35
5773	18416	oz	28.35
5782	18425	oz	28.4
5784	18427	oz	28.4
5785	18428	oz	28.4
5786	18429	oz	28.4
5791	18434	oz	28.4
5805	18451	oz	28.35
5807	18457	saltines	5.0
5808	18459	tart	52.0
5872	18933	oz	28.0
5876	18938	piece	53.0
5878	18940	muffin small	71.0
5879	18942	oz	28.35
5880	18943	crust	182.0
5886	18949	serving	29.0
5887	18950	serving	29.0
5888	18951	waffles	35.0
5890	18953	serving (approximate serving size)	55.0
5892	18955	slice (average weight of 1 slice)	63.0
5900	18963	slice presliced	43.0
5901	18964	bun	65.0
5902	18965	serving	30.0
5903	18966	serving	14.0
5904	18967	slice	28.0
5905	18968	bagel	98.0
5906	18969	oz	28.25
5907	18970	tortilla	49.0
5908	18971	slice	32.0
5909	18972	slice	48.0
5910	18973	piece	57.0
5937	19001	bar	35.0
5938	19002	oz	28.35
5939	19003	oz	28.0
5942	19007	oz	28.35
5943	19008	oz	28.35
5944	19009	oz	28.35
5946	19013	oz	28.35
5947	19014	large	21.0
5948	19015	bar	21.0
5951	19018	cup	334.0
5956	19026	oz	28.35
5958	19030	serving	20.0
5959	19031	oz	28.35
5960	19033	oz	28.35
5961	19034	cup	8.0
5962	19035	cup	11.0
5963	19036	cake	10.0
5964	19038	oz (approx 2/3 cup)	28.35
5965	19039	oz	28.35
5966	19040	cup	11.0
5967	19041	oz	28.35
5968	19042	oz	28.35
5970	19045	oz	28.35
5972	19047	oz	28.35
5973	19048	oz	28.35
5974	19049	oz	28.35
5976	19051	cake	9.0
5979	19056	oz	28.35
5980	19057	oz	28.35
5984	19062	cup	146.0
5989	19068	serving 6 pieces	40.0
5990	19069	serving 2.1 oz bar	60.0
5991	19070	oz	28.35
5992	19071	oz	28.35
5993	19074	package (2.5 oz)	71.0
5995	19076	piece	6.6
5997	19078	oz square Bakers	29.0
5998	19079	cup chips	170.0
5999	19080	serving	14.5
6000	19081	oz	28.35
6001	19083	patty, large	43.0
6003	19085	cup chips	170.0
6004	19086	cup chips	168.0
6005	19087	bar (3 oz)	85.0
6006	19088	serving 1/2 cup	76.0
6007	19089	cup	214.0
6008	19090	cup (4 fl oz)	172.0
6013	19095	serving 1/2 cup	66.0
6014	19096	serving 1/2 cup	88.0
6015	19097	cup (4 fl oz)	148.0
6016	19098	bar 2 oz	56.0
6017	19099	oz	28.35
6018	19100	piece	17.0
6019	19101	oz	28.35
6021	19103	oz	28.35
6022	19104	oz	28.35
6024	19106	cup gumdrops	182.0
6025	19107	oz	28.35
6026	19108	small	1.1
6027	19109	bar (1.5 oz)	42.0
6029	19111	serving 2.1 oz bar	60.0
6031	19113	serving 1/4 cup	73.0
6032	19114	serving	68.0
6033	19115	bar (1.76 oz)	50.0
6034	19116	cup of miniature	50.0
6036	19118	bar 2 oz	57.0
6038	19120	bar, miniature	7.0
6042	19124	tablet	20.0
6043	19125	serving 2 TBSP	37.0
6044	19126	cup	149.0
6045	19127	cup	180.0
6046	19128	serving 1/4 cup	73.0
6047	19129	cup	314.0
6049	19132	bar (1.45 oz)	41.0
6050	19134	bar (1.4 oz)	40.0
6051	19135	serving 2.05 oz bar	58.0
6052	19136	bar 1.4 oz	39.0
6053	19137	tbsp	21.0
6056	19140	serving 1 singles bag	54.0
6057	19141	package (1.69 oz)	48.0
6058	19142	bar snack size	19.0
6059	19143	bar (1.75 oz)	49.0
6060	19144	bar (1.5 oz)	43.0
6063	19147	oz	28.35
6064	19148	oz	28.35
6066	19150	package 0.6 oz 1 cup	17.0
6067	19151	cup	188.0
6068	19152	package 1 package	48.0
6070	19154	oz	28.35
6071	19155	bar (2 oz)	57.0
6072	19156	serving fun size (8 chews)	40.0
6074	19159	serving 2.13 oz bar	60.0
6075	19160	package (2 oz)	57.0
6076	19161	package (1.89 oz, 2 bars)	54.0
6077	19162	bar 1.7 oz	48.0
6078	19163	stick	3.0
6080	19165	cup	86.0
6081	19166	cup	86.0
6086	19172	package (3 oz)	85.0
6087	19173	cup	270.0
6088	19175	serving	6.4
6089	19176	cup	234.0
6090	19177	envelope (1 tbsp)	7.0
6093	19183	oz	28.35
6094	19184	package (3.5 oz)	99.0
6098	19188	package (3.5 oz)	99.0
6099	19189	cup	284.0
6102	19193	serving 4 oz pudding cup	113.0
6107	19201	oz	28.35
6108	19202	package (3.5 oz)	99.0
6112	19206	package (3.12 oz)	88.0
6113	19207	cup	280.0
6119	19218	oz	28.35
6124	19226	tbsp creamy	20.5
6125	19227	package	457.8313253012048
6127	19230	package	457.8313253012048
6128	19233	serving 3.5 oz shelf stable	99.0
6129	19234	container refrigerated 4 oz	112.0
6130	19235	serving 4 oz	113.0
6141	19249	serving 1.5 oz	42.0
6148	19260	serving 1/2 cup	68.0
6149	19263	bar (2.5 fl oz)	77.0
6150	19265	serving 1/2 cup	72.0
6153	19270	individual (3.5 fl oz)	58.0
6158	19279	oz	28.35
6159	19280	cup (4 fl oz)	198.0
6161	19283	serving 1.75 fl oz pop	52.0
6163	19293	cup	144.0
6164	19294	tbsp	17.0
6166	19296	cup	339.0
6167	19297	tbsp	20.0
6168	19300	serving 1 tbsp	21.0
6171	19303	tbsp	20.0
6172	19304	cup	337.0
6178	19312	can	592.0
6186	19322	package (3.5 oz)	99.0
6188	19324	package (3.12 oz)	88.0
6197	19334	tsp unpacked	3.0
6198	19335	serving packet	2.8
6199	19336	cup unsifted	120.0
6200	19337	tsp	3.5
6201	19340	tsp	3.0
6202	19345	tbsp	17.5
6203	19348	cup	304.0
6204	19349	cup	328.0
6205	19350	cup	341.0
6206	19351	cup	310.0
6208	19353	tbsp	20.0
6209	19355	cup	330.0
6211	19360	tbsp	20.0
6212	19361	cup	315.0
6215	19364	tbsp	20.5
6216	19365	oz	28.35
6217	19366	cup	340.0
6218	19367	cup	328.0
6221	19370	serving 2.17 oz pack	62.0
6231	19400	oz	28.35
6234	19404	bar (1.5 oz)	43.0
6240	19410	oz	28.0
6241	19411	oz	28.0
6245	19415	oz	28.35
6247	19418	oz	28.35
6251	19422	oz	28.35
6252	19423	oz	28.35
6254	19433	oz	28.35
6255	19434	oz	28.35
6256	19436	oz	28.35
6257	19437	oz	28.35
6258	19438	serving	22.0
6261	19444	oz	28.35
6262	19445	oz	28.35
6263	19524	oz	28.35
6273	19719	tbsp	20.0
6282	19811	oz	28.35
6285	19814	oz	28.35
6286	19816	cake	9.0
6293	19823	oz	28.35
6294	19833	oz	28.35
6297	19858	piece	3.5
6298	19859	tbsp	5.4
6299	19860	tablespoon Ghirardelli label 2011	6.0
6300	19866	pieces	14.0
6301	19867	cup	134.0
6302	19868	serving 1 packet	1.0
6303	19871	serving	84.0
6324	19896	serving 1 bar	56.0
6326	19898	individual (3.5 fl oz)	58.0
6327	19899	individual (3.5 fl oz)	58.0
6331	19905	oz	28.35
6336	19910	serving 1.5 oz	42.0
6338	19912	tsp	6.9
6339	19913	piece	60.0
6340	19914	serving	31.0
6341	19916	tbsp	17.5
6342	19917	cup	160.0
6343	19918	package	1.0
6344	19919	serving	44.0
6345	19924	tablespoon	20.0
6350	20005	cup	200.0
6351	20006	cup	157.0
6354	20010	cup	168.0
6355	20011	cup	120.0
6356	20012	cup	140.0
6357	20013	cup	182.0
6359	20015	cup	76.0
6360	20016	cup	117.0
6361	20017	cup	114.0
6363	20019	cup	114.0
6365	20022	cup	157.0
6369	20027	cup	128.0
6371	20029	cup, cooked	157.0
6372	20030	cup	165.0
6374	20032	cup	174.0
6375	20033	cup	94.0
6378	20036	cup	185.0
6379	20037	cup	202.0
6384	20044	cup	185.0
6385	20045	cup	158.0
6386	20046	cup	185.0
6387	20047	cup	158.0
6388	20048	cup	95.0
6389	20049	cup	165.0
6395	20055	cup	174.0
6397	20060	cup	118.0
6398	20061	cup	158.0
6399	20062	cup	169.0
6400	20063	cup	128.0
6401	20064	cup	102.0
6402	20065	cup	102.0
6405	20068	cup	152.0
6408	20071	cup	192.0
6409	20072	cup	192.0
6414	20077	cup	58.0
6416	20080	cup	120.0
6417	20081	cup	125.0
6418	20082	cup	125.0
6419	20083	cup	137.0
6420	20084	cup unsifted, dipped	137.0
6423	20088	cup	160.0
6424	20089	cup	164.0
6435	20106	cup spiral shaped	134.0
6436	20109	cup	38.0
6437	20110	cup	160.0
6439	20112	cup	160.0
6440	20113	cup dry	56.0
6445	20118	cup	45.0
6446	20120	cup spaghetti	91.0
6447	20121	cup spaghetti not packed	124.0
6449	20125	cup spaghetti not packed	117.0
6450	20126	oz	28.5
6452	20129	cup unsifted, dipped	137.0
6453	20130	cup	148.0
6455	20132	cup	104.0
6457	20134	cup	176.0
6460	20137	cup	185.0
6470	20316	cup	117.0
6472	20320	cup	122.0
6474	20322	cup	157.0
6479	20345	cup	158.0
6481	20409	cup	38.0
6482	20410	cup	160.0
6484	20421	cup spaghetti not packed	124.0
6485	20422	cup	157.0
6486	20444	cup	185.0
6487	20445	cup	158.0
6495	20481	cup	125.0
6500	20545	cup	158.0
6509	20654	cup spaghetti not packed	169.0
6510	20655	cup spaghetti packed	166.0
6512	20657	cup spaghetti	141.0
6514	21003	biscuit	150.0
6515	21004	biscuit	182.0
6516	21005	item	162.0
6518	21007	item	145.0
6519	21008	biscuit	162.0
6520	21009	item	111.0
6521	21010	item	132.0
6523	21012	item	128.0
6524	21013	item	155.0
6525	21014	sandwich	171.0
6526	21018	eggs	48.0
6527	21020	item	108.0
6528	21021	sandwich	126.0
6529	21022	item	165.0
6531	21024	pieces	21.666666666666668
6532	21026	round piece	5.5
6533	21028	item	120.0
6537	21059	pieces shrimp	13.0
6539	21061	each burrito	185.0
6540	21063	item	241.0
6541	21064	burrito	241.0
6542	21078	serving	80.0
6543	21080	serving	222.0
6544	21082	each taco	69.0
6546	21089	sandwich	91.0
6547	21090	item	127.0
6548	21091	sandwich	115.0
6551	21094	sandwich	155.0
6553	21096	sandwich	182.0
6559	21102	sandwich	187.0
6560	21105	sandwich	220.0
6561	21106	sandwich	134.0
6562	21107	sandwich	78.0
6563	21108	sandwich	97.0
6574	21121	sandwich	149.0
6575	21124	inch sub	32.666666666666664
6576	21125	inch sub	31.666666666666668
6577	21126	inch sub	39.5
6579	21129	piece	22.0
6580	21130	package (18 onion rings)	117.0
6581	21138	serving small	71.0
6582	21139	cup	242.0
6585	21142	biscuit	55.0
6594	21151	inch sub	38.0
6596	21153	inch sub	34.416666666666664
6597	21154	inch sub	33.0
6598	21155	inch sub	30.666666666666668
6599	21156	inch sub	30.666666666666668
6601	21158	inch sub	34.833333333333336
6603	21160	inch sub	33.5
6605	21162	inch sub	24.666666666666668
6606	21202	item	171.0
6613	21224	serving 9 servings per 24 oz package	81.0
6614	21225	serving 6 servings per 29.25 oz package	139.0
6615	21226	serving 5 servings per 24.2 oz package	143.0
6616	21227	serving 6 servings per 34.98 oz package	170.0
6618	21229	pieces	16.0
6619	21230	sandwich	152.0
6685	21299	slice	107.0
6686	21300	slice	115.0
6687	21301	slice	76.0
6688	21302	slice	111.0
6689	21303	slice	118.0
6690	21304	slice	136.0
6691	21305	item	199.0
6692	21306	item	135.0
6693	21307	item 6.1 oz	174.0
6748	21389	item	374.0
6749	21390	item	247.0
6751	21395	sandwich	155.0
6753	21397	sandwich	215.0
6754	21398	item	199.0
6755	21399	item	355.0
6756	21400	item	219.0
6757	21401	strip	30.0
6764	21410	item	219.0
6765	21411	item	254.0
6766	21412	fl oz cup	29.0
6767	21413	fl oz cup	28.083333333333332
6800	21461	sandwich	268.0
6801	21462	sandwich	271.0
6802	21463	item	149.0
6803	21464	breast without skin	142.0
6804	21465	drumstick, bone and skin removed	40.0
6805	21466	thigh without skin	84.0
6806	21467	wing without skin	37.0
6807	21469	breast, with skin	203.0
6808	21470	drumstick, with skin	75.0
6809	21471	thigh with skin	136.0
6810	21472	wing, with skin	58.0
6819	21482	slice	127.0
6820	21483	slice	88.0
6821	21484	slice	116.0
6822	21485	slice	79.0
6823	21486	each taco	102.0
6824	21487	each taco	98.0
6825	21488	each quesadilla	180.0
6826	21490	sandwich	230.0
6839	21505	slice	69.0
6845	21511	slice 1/8 pizza	117.0
6851	21517	item	133.0
6852	21518	item	123.0
6853	21519	burrito	109.0
6854	21520	breadstick	43.0
6855	21521	fl oz	28.916666666666668
6862	21600	piece 4"x6"	130.0
6863	21601	slice per 1/10 pizza	124.0
6864	21602	piece 4"x6"	127.0
6865	21603	slice per 1/10 pizza	124.0
6866	21604	piece 4" x 6"	133.0
6867	21605	slice per 1/10 pizza	129.0
6868	21610	patty	86.0
6869	21611	pieces	17.6
6877	22247	serving	244.0
6878	22401	serving	283.0
6880	22522	serving (1 cup)	252.0
6883	22535	serving (1 hot pocket)	127.0
6884	22537	serving (1 hot pocket)	127.0
6885	22899	cup	242.0
6886	22900	cup	262.0
6887	22901	cup	108.0
6888	22902	slice 1/8 of 12" pizza	103.0
6889	22903	pizza 12" diameter	508.0
6890	22904	cup	242.0
6891	22905	cup (1 serving)	196.0
6892	22906	pie	302.0
6893	22908	cup	236.0
6894	22910	cup 1 serving	225.0
6895	22911	cup	240.0
6896	22912	cup	246.0
6897	22914	serving (1 NLEA serving)	252.0
6899	22916	piece side	134.0
6924	22953	roll	85.0
6925	22954	roll	80.0
6926	22955	egg roll	68.0
6928	22957	serving	385.0
6929	22958	bowl	340.0
6930	22959	serving (makes about 1 cup prepared)	70.0
6932	22961	hot pocket (1 NLEA serving)	127.0
6933	22962	hot pocket (1 NLEA serving)	127.0
6939	22971	cup	250.0
6941	22973	corndog	78.0
6942	22974	serving	87.0
6944	22976	cup	159.0
6945	22977	piece side	123.0
6946	22978	piece	21.0
6966	22998	cup	168.16816816816817
7047	23100	oz	28.333333333333332
7103	23156	oz	28.333333333333332
7135	23188	oz	28.333333333333332
7144	23197	oz	28.333333333333332
7157	23220	oz	28.333333333333332
7261	23324	oz	28.333333333333332
7264	23327	oz	28.333333333333332
7267	23330	oz	28.333333333333332
7276	23339	oz	28.333333333333332
7282	23345	oz	28.333333333333332
7285	23348	oz	28.333333333333332
7288	23351	oz	28.333333333333332
7290	23353	oz	28.333333333333332
7291	23354	oz	28.333333333333332
7294	23357	oz	28.333333333333332
7297	23360	oz	28.333333333333332
7306	23369	oz	28.333333333333332
7312	23375	oz	28.333333333333332
7315	23378	oz	28.333333333333332
7318	23381	oz	28.333333333333332
7455	23557	oz	28.25
7456	23558	oz	28.333333333333332
7457	23559	oz	28.333333333333332
7460	23562	oz	28.25
7461	23563	oz	28.333333333333332
7462	23564	oz	28.333333333333332
7465	23567	oz	28.333333333333332
7466	23568	oz	28.333333333333332
7467	23569	oz	28.333333333333332
7468	23570	oz	28.333333333333332
7470	23572	oz	28.25
7471	23574	oz	28.333333333333332
7472	23575	oz	28.333333333333332
7474	23577	oz	28.25
7475	23578	oz	28.333333333333332
7476	23579	oz	28.333333333333332
7477	23580	oz	28.333333333333332
7478	23581	oz	28.333333333333332
7481	23584	oz	28.35
7485	23588	oz	28.35
7487	23590	oz	28.35
7495	23598	oz	28.35
7497	23600	oz	28.35
7499	23602	oz	28.35
7502	23605	oz	28.35
7503	23606	oz	28.35
7505	23608	oz	28.35
7507	23610	oz	28.35
7508	23611	oz	28.35
7509	23612	oz	28.35
7511	23614	oz	28.35
7513	23616	oz	28.35
7514	23617	oz	28.35
7519	23622	oz	28.35
7522	23625	oz	28.35
7523	23626	oz	28.35
7526	23629	oz	28.35
7528	23631	oz	28.35
7530	23633	oz	28.35
7535	23638	oz	28.35
7552	25000	oz	28.35
7553	25001	oz	28.35
7554	25003	Roll	23.0
7562	25012	oz	28.35
7563	25013	oz	28.35
7564	25014	cup	7.9
7565	25015	bar	80.0
7566	25016	bar	55.0
7567	25017	bar	68.0
7569	25020	bar	55.0
7570	25021	bar	48.0
7573	25024	large	143.0
7574	25025	oz	28.35
7575	25026	cup	7.9
7576	25027	oz	28.35
7577	25028	oz	28.35
7578	25030	oz	28.35
7579	25031	bar	50.0
7580	25032	bar	78.0
7581	25033	bar	35.0
7582	25034	bar	47.0
7583	25035	bar	24.0
7584	25036	package	20.0
7585	25037	oz	28.35
7586	25038	bar	35.0
7587	25039	bar	60.0
7588	25040	oz	28.35
7589	25041	bar	20.0
7590	25043	package	20.0
7591	25045	bar	40.0
7592	25046	oz	28.35
7593	25048	bar	32.0
7595	25051	bar	68.0
7596	25052	bar	24.0
7597	25053	bar	35.0
7598	25054	bar	35.0
7599	25055	bar	35.0
7600	25056	bar	31.0
7601	25059	cake	9.0
7602	25060	serving	28.0
7603	25062	bar	38.0
7604	25063	oz	28.35
7605	25064	pieces	1.2173913043478262
7606	27000	cup	241.0
7607	27001	cup	233.0
7608	27002	cup	223.0
7628	27035	oz dry (half noodle block)	28.368794326241137
7630	27043	can	519.0
7631	27044	cup	245.0
7633	27046	Tbsp	16.5
7634	27047	Tbsp	15.0
7635	27048	Tbsp	17.0
7636	27049	tablespoons	15.0
7637	27050	Tbsp	17.5
7638	27051	cup	240.0
7639	27052	tbsp	15.0
7646	27059	tbsp	18.0
7647	27060	cup	240.0
7649	27062	cup	208.0
7650	27063	cup	224.0
7651	27064	tablespoon	20.0
7652	27065	tbsp	18.0
7653	27066	tsp	5.6
7935	28285	piece	43.0
7936	28286	piece	79.0
7937	28287	piece	106.0
7938	28288	piece	98.0
7939	28289	cookies	14.5
7940	28290	cookies	12.5
7941	28291	cookies 1 serving	3.875
7942	28292	crackers	3.5
7943	28293	cookies	10.333333333333334
7944	28294	cookies	8.0
7945	28295	tortilla 1 serving	41.0
7946	28296	cake 1 serving	27.0
7947	28297	cake 1 serving	27.0
7948	28298	brownie 1 serving	36.0
7949	28299	serving	34.0
7950	28300	cookie 1 serving	38.0
7951	28301	serving 3 cookies	29.0
7952	28302	serving	35.0
7953	28303	serving 55 pieces	31.0
7954	28304	serving 2 waffles	70.0
7955	28305	serving 3 pancakes	105.0
7958	28308	crackers 1 serving	3.0
7959	28309	cookie 1 serving	18.0
7960	28310	cookie	11.8
7961	28311	cookie	9.666666666666666
7962	28312	roll	51.0
7963	28313	roll	56.0
7964	28314	package	36.0
7965	28315	slice 1 serving	28.0
7966	28316	slice 1 serving	38.0
7967	28317	slice 1 serving	38.0
7968	28318	slice 1 serving	48.0
7969	28319	piece bagel 1 serving	86.0
7970	28320	muffin 1 serving	57.0
7971	28321	piece roll	43.0
7972	28322	piece bagel	81.0
7973	28323	cup 1 serving	124.24242424242424
7974	28324	cup mix 1 serving	152.0
7975	28325	serving	31.0
7976	28326	cracker 1 serving	7.166666666666667
7977	28327	cracker 1 serving	3.5
7978	28328	cookie	34.0
7979	28329	cookie	62.0
7980	28330	bar	22.0
7982	28332	cookies	14.666666666666666
7987	28337	slice	35.0
7991	28341	roll	78.0
7995	28345	crackers	2.033333333333333
7996	28346	waffle	45.0
7997	28347	pancake	48.0
7998	28348	roll	30.0
7999	28349	cookie	25.0
8000	28350	serving	40.0
8001	28351	cookie	5.6
8002	28352	serving cookie	48.0
8044	28397	oz	28.35
8045	28399	oz	28.35
8065	31023	fries	4.25
8074	31032	cup	268.0
8075	31033	tablespoon	12.5
8076	31034	cup drained	136.0
8077	31035	cup	269.0
8078	31036	cup	229.0
8079	32000	cup	183.18318318318316
8081	32002	cup	204.2042042042042
8083	32004	serving (3.5 oz)	25.0
8085	32006	piece	42.0
8086	32007	piece	42.0
8087	32008	package	123.0
8088	32009	package	122.0
8089	32010	package	141.0
8090	32011	serving (2 oz)	57.0
8091	32012	serving 6 rolls	80.0
8092	32013	pieces 1 serving	29.0
8093	32014	serving (3.5 oz)	99.0
8094	32015	serving 4.5 oz	127.0
8095	32016	serving 1 pouch	61.0
8103	32024	cup dry rice mix	228.0
8104	32025	pieces pierogies	38.0
8105	32026	piece turnover 1 serving	127.0
8106	32027	piece turnover 1 serving	127.0
8107	32028	piece turnover 1 serving	127.0
8108	32029	oz (1/4 c dry rice mix and 4 tsp seasoning mix)	28.5
8110	32031	patty	63.0
8111	32032	biscuit	126.0
8115	33862	scoop	9.6
8116	33863	scoop	8.7
8117	33864	fl oz	31.4
8118	33865	fl oz	31.4
8119	33866	scoop	9.6
8120	33867	scoop	9.4
8121	33868	scoop	9.4
8122	33869	scoop	9.4
8123	33870	scoop	9.4
8124	33871	scoop	9.6
8125	33872	scoop	9.4
8126	33873	scoop	9.4
8127	33874	fl oz	30.4
8128	33875	fl oz	6.0
8129	33876	fl oz	30.5
8130	33877	scoop	8.7
8176	36012	serving	245.0
8180	36016	serving	169.0
8181	36017	cup	136.0
8197	36033	serving	226.0
8199	36035	serving	108.0
8201	36037	cup	136.0
8205	36041	serving	457.0
8227	36403	piece	89.0
8233	36409	piece	117.0
8234	36410	piece	122.0
8235	36411	piece	166.0
8236	36412	piece	142.0
8241	36417	cup	116.0
8242	36418	cup	148.0
8244	36602	cup	137.0
8245	36603	order	574.0
8258	36617	order	623.0
8259	36618	order	535.0
8260	36619	order	604.0
8262	36621	order	706.0
8265	36624	order	777.0
8266	36625	order	741.0
8267	36626	order	693.0
8268	36629	order	648.0
8272	36633	order	547.0
8273	42040	tbsp	20.0
8274	42055	tsp	8.0
8275	42074	bar	78.0
8276	42116	tbsp	15.0
8277	42117	cup, shredded	113.0
8278	42119	fl oz	31.5
8279	42120	fl oz	31.5
8280	42128	cup pieces	138.0
8281	42129	cup pieces	138.0
8282	42131	cup	137.0
8283	42135	cup	75.0
8284	42136	cup	94.0
8285	42137	tbsp	13.4
8286	42138	tbsp	14.6
8287	42139	oz	28.35
8288	42140	tbsp	14.0
8289	42141	fl oz	30.0
8290	42148	serving 1.63 oz singles bag	46.0
8291	42150	tbsp	15.0
8292	42151	tbsp	13.0
8293	42153	tbsp	16.0
8294	42155	cup, diced	132.0
8295	42157	tbsp	17.0
8296	42158	tbsp	15.0
8297	42161	slice	28.0
8298	42171	tbsp	16.0
8299	42173	cup, cooked	130.0
8300	42178	tbsp	15.0
8301	42179	frankfurter	57.0
8302	42183	cookie 2011 label	25.5
8303	42185	cup	186.0
8304	42186	cup	174.0
8305	42187	cup	174.0
8306	42189	cup	245.0
8307	42190	links 1 NLEA serving	22.5
8308	42192	tbsp	17.0
8309	42193	tbsp	16.0
8310	42196	serving 1.76 oz bar	50.0
8311	42204	cubic inch	4.2
8312	42205	cubic inch	16.0
8313	42227	serving 1.31 oz bag	37.0
8314	42230	tbsp	17.0
8315	42231	tbsp	13.6
8316	42235	oz	28.25
8317	42236	cup (1 NLEA serving)	40.0
8318	42237	biscuits (1 NLEA serving)	17.5
8319	42240	cup (1 NLEA serving)	42.666666666666664
8320	42256	tablespoon	14.0
8321	42258	slice 1 oz	28.0
8322	42259	cup	8.0
8323	42261	cup (1 NLEA serving)	69.33333333333333
8324	42265	cup (1 NLEA serving)	73.33333333333333
8325	42266	fl oz	30.8
8326	42267	fl oz	30.8
8328	42272	oz	28.35
8329	42278	cup	230.0
8330	42279	cup	230.0
8331	42280	cup, sliced	143.0
8333	42283	cup	34.0
8334	42284	cookie	1.7
8335	42285	tbsp	3.7
8337	42289	tbsp	14.0
8338	42290	cup	247.0
8339	42291	tbsp	16.0
8340	42297	cup (1 NLEA serving)	59.0
8341	42303	cup, shredded	113.0
8342	42304	cup, shredded	113.0
8343	42307	tablespoon	14.0
8344	42309	tablespoon	14.0
8345	42316	oz	28.35
8346	43004	tbsp	15.0
8347	43006	tbsp	15.0
8348	43007	tbsp	15.0
8349	43008	tbsp	16.0
8350	43015	tbsp	14.7
8351	43016	tbsp	16.0
8352	43017	tbsp	15.0
8353	43019	tbsp	16.0
8354	43020	tbsp	15.0
8355	43021	tbsp	15.0
8356	43026	cup	240.0
8357	43027	cup	300.0
8358	43028	cup	224.0
8359	43031	piece	14.0
8360	43046	piece	14.0
8361	43057	cup	182.0
8362	43058	piece	3.0
8363	43060	piece	2.0
8364	43075	fl oz	31.2
8365	43078	tbsp	7.0
8366	43098	serving	85.0
8367	43100	bar	43.0
8368	43109	large	143.0
8369	43112	cup	253.0
8370	43114	cup	140.0
8371	43125	cup	240.0
8372	43128	cup	168.0
8373	43130	cup, sliced	140.0
8374	43131	slice, thin	14.0
8375	43132	cup	144.0
8376	43134	fillet	85.0
8377	43135	tbsp	15.0
8378	43137	slice	56.0
8379	43142	cup	150.0
8380	43143	cup	150.0
8381	43144	cup	128.0
8382	43146	cup	136.0
8383	43154	tsp	4.9
8384	43155	fl oz	29.5
8385	43158	serving 1 packet	1.0
8386	43205	tbsp	7.4
8387	43212	tbsp	7.0
8388	43214	cup	80.0
8389	43215	tablespoon	15.0
8390	43216	cup	196.0
8392	43218	cup (1 NLEA serving)	82.08955223880596
8393	43241	cup	122.0
8394	43245	cup (1 NLEA serving)	55.0
8395	43260	tbsp	5.6
8396	43261	container (6 oz)	170.0
8397	43268	cup	80.0
8398	43273	oz	28.25
8399	43274	tbsp	15.0
8400	43275	cup, diced	140.0
8401	43276	oz	28.35
8402	43278	slice	21.0
8403	43282	oz	28.35
8404	43283	cup, chopped or diced	140.0
8405	43285	oz	28.35
8406	43287	cup, chopped or diced	140.0
8408	43299	cup	225.0
8409	43311	cup	180.0
8410	43312	cup	182.0
8411	43325	oz, boneless	28.35
8412	43326	oz, boneless	28.35
8413	43327	oz	28.35
8415	43331	tbsp	15.0
8416	43340	cup, grated	100.0
8417	43345	tsp	2.0
8418	43346	fl oz	29.8
8419	43352	oz	28.25
8420	43355	tbsp	14.0
8421	43364	cup	26.0
8422	43365	cup	242.0
8423	43366	oz with bone, cooked (yield after bone removed)	19.0
8424	43367	oz with bone, cooked (yield after bone removed)	21.0
8425	43369	cup	244.0
8426	43373	tbsp	16.0
8427	43378	slice cooked	8.0
8428	43379	cup, diced	140.0
8429	43382	cup	253.0
8430	43384	cup pieces	138.0
8431	43387	cup	144.0
8432	43390	oz, boneless	28.333333333333332
8433	43391	medium slice (approx 3" x 2" x 1/4")	28.0
8434	43393	cup (1 NLEA serving)	47.2
8435	43396	oz	28.25
8436	43398	cup, diced	140.0
8437	43401	tsp dry	1.7
8438	43404	cup (8 fl oz)	240.0
8439	43405	slice	28.0
8440	43406	tsp	6.0
8441	43408	fl oz	31.2
8442	43410	cup, diced	130.0
8443	43417	jar NFS	179.0
8444	43432	tbsp	16.0
8445	43441	medium (2-1/2" dia)	36.0
8446	43447	cup, crushed	88.0
8447	43449	cup	253.0
8448	43450	oz	28.4
8449	43476	cup	262.0
8450	43479	fl oz	29.1
8451	43483	cup	21.0
8452	43495	cup (1 NLEA serving)	50.0
8454	43506	bar	54.0
8455	43507	frankfurter	57.0
8456	43514	serving 1.75 fl oz pop	55.0
8457	43523	tbsp	15.0
8458	43528	cup	252.0
8459	43529	tbsp	2.5
8460	43535	fl oz	31.2
8461	43536	tbsp	15.0
8462	43537	tbsp	15.0
8463	43539	tbsp	15.0
8464	43541	cup	148.0
8465	43543	cup	244.0
8466	43544	serving	15.0
8467	43546	tbsp	15.0
8468	43550	tbsp	15.0
8469	43566	cup, crushed	63.0
8470	43570	cup (1 NLEA serving)	40.0
8472	43585	tbsp	15.0
8473	43589	slice (1 oz)	28.0
8474	43595	oz	28.35
8475	43597	cup, diced	132.0
8477	44005	tablespoon	14.0
8478	44018	serving	0.1
8479	44048	oz	28.35
8480	44061	serving	9.9
8481	44110	tbsp	19.0
8482	44158	serving	151.0
8483	44203	fl oz	36.0
8484	44258	serving	9.9
8485	44259	serving	113.0
8486	44260	serving	8.0
8487	80200	leg	45.0
8489	90240	oz	28.333333333333332
8491	90560	oz	28.333333333333332
8492	93600	oz	28.333333333333332
